,key,FT中文网_英国《金融时报》(Financial Times),博览,国际热点,来福岛爆笑娱乐网,爱范儿爱范儿,资讯频道_凤凰网,韩寒
0,妈妈,0.0,0.0,0.0,2.0,0.0,1.0,0.0
1,土,0.0,0.0,11.0,0.0,0.0,0.0,0.0
2,专电,0.0,0.0,2.0,0.0,0.0,0.0,0.0
3,东南亚,2.0,0.0,0.0,0.0,0.0,0.0,0.0
4,能否,3.0,0.0,0.0,0.0,1.0,0.0,0.0
5,金融时报,12.0,0.0,0.0,0.0,0.0,0.0,0.0
6,丢掉,2.0,0.0,0.0,0.0,0.0,0.0,0.0
7,危机,2.0,0.0,0.0,0.0,0.0,0.0,0.0
8,死,1.0,0.0,0.0,6.0,0.0,0.0,0.0
9,沙萨尼,2.0,0.0,0.0,0.0,0.0,0.0,0.0
10,地,10.0,0.0,2.0,3.0,0.0,1.0,1.0
11,剪指甲,0.0,0.0,0.0,3.0,0.0,0.0,0.0
12,跟,0.0,0.0,0.0,0.0,2.0,1.0,0.0
13,正,7.0,0.0,1.0,0.0,0.0,0.0,0.0
14,毕竟,3.0,0.0,0.0,0.0,1.0,0.0,0.0
15,历史,5.0,1.0,0.0,0.0,0.0,2.0,0.0
16,事,0.0,1.0,0.0,1.0,2.0,0.0,0.0
17,城市,8.0,1.0,4.0,0.0,0.0,0.0,0.0
18,于,13.0,0.0,0.0,0.0,1.0,0.0,0.0
19,商界,3.0,0.0,0.0,0.0,0.0,0.0,0.0
20,故事,0.0,0.0,0.0,3.0,0.0,0.0,1.0
21,森,2.0,0.0,0.0,0.0,0.0,0.0,0.0
22,拘押,0.0,1.0,3.0,0.0,0.0,0.0,0.0
23,未曾,2.0,0.0,0.0,0.0,0.0,0.0,0.0
24,内容,4.0,0.0,0.0,1.0,0.0,1.0,0.0
25,备案,0.0,0.0,0.0,0.0,0.0,2.0,0.0
26,约翰,6.0,0.0,1.0,0.0,0.0,0.0,0.0
27,综述,0.0,0.0,3.0,0.0,0.0,0.0,0.0
28,成钢,0.0,0.0,0.0,0.0,0.0,4.0,0.0
29,编者按,2.0,0.0,0.0,0.0,0.0,0.0,0.0
30,策略,2.0,0.0,0.0,0.0,0.0,0.0,0.0
31,上周,4.0,0.0,0.0,0.0,1.0,0.0,0.0
32,视为,2.0,0.0,0.0,0.0,0.0,0.0,0.0
33,国债,2.0,0.0,0.0,0.0,0.0,0.0,0.0
34,炫富,0.0,0.0,0.0,2.0,0.0,0.0,0.0
35,妹纸,0.0,0.0,0.0,9.0,0.0,0.0,0.0
36,评价,0.0,0.0,2.0,0.0,1.0,0.0,0.0
37,内政部,0.0,0.0,2.0,0.0,0.0,0.0,0.0
38,将领,0.0,0.0,3.0,0.0,0.0,0.0,0.0
39,是不是,0.0,0.0,0.0,3.0,0.0,0.0,0.0
40,收购,4.0,0.0,0.0,0.0,6.0,0.0,0.0
41,举措,2.0,0.0,0.0,0.0,0.0,1.0,0.0
42,公司,22.0,0.0,1.0,0.0,4.0,0.0,0.0
43,周二,5.0,0.0,0.0,0.0,0.0,0.0,0.0
44,首席,3.0,0.0,0.0,0.0,0.0,0.0,0.0
45,打群架,0.0,0.0,2.0,0.0,0.0,0.0,0.0
46,一切,2.0,0.0,0.0,0.0,0.0,0.0,0.0
47,泡泡糖,0.0,0.0,0.0,3.0,0.0,0.0,0.0
48,不想,0.0,0.0,0.0,3.0,1.0,0.0,0.0
49,整个,2.0,0.0,0.0,0.0,1.0,3.0,0.0
50,战机,0.0,0.0,6.0,0.0,0.0,0.0,0.0
51,彩票,0.0,0.0,0.0,3.0,0.0,0.0,0.0
52,建立,3.0,0.0,1.0,0.0,0.0,1.0,0.0
53,加大,3.0,0.0,0.0,0.0,0.0,0.0,0.0
54,寻求,6.0,0.0,0.0,0.0,0.0,0.0,0.0
55,希望,6.0,0.0,4.0,0.0,0.0,0.0,0.0
56,感受,1.0,0.0,0.0,3.0,0.0,0.0,0.0
57,系列,2.0,0.0,0.0,24.0,1.0,0.0,0.0
58,拆分,3.0,0.0,0.0,0.0,0.0,0.0,0.0
59,政治,8.0,0.0,2.0,0.0,0.0,3.0,0.0
60,环球,0.0,0.0,2.0,0.0,0.0,0.0,0.0
61,热潮,2.0,1.0,0.0,0.0,0.0,0.0,0.0
62,集团,9.0,0.0,1.0,0.0,0.0,0.0,0.0
63,厕所,0.0,0.0,0.0,4.0,0.0,0.0,0.0
64,去年,2.0,0.0,1.0,0.0,0.0,0.0,0.0
65,中新网,0.0,0.0,2.0,0.0,0.0,0.0,0.0
66,仲裁,25.0,0.0,10.0,0.0,0.0,0.0,0.0
67,局长,0.0,0.0,0.0,4.0,0.0,0.0,0.0
68,沙特,0.0,0.0,4.0,0.0,0.0,0.0,0.0
69,清楚,2.0,0.0,1.0,0.0,0.0,0.0,0.0
70,罢工,2.0,0.0,0.0,0.0,0.0,0.0,0.0
71,加上,2.0,0.0,0.0,0.0,0.0,0.0,0.0
72,首饰,4.0,0.0,0.0,0.0,0.0,0.0,0.0
73,人类,2.0,0.0,0.0,0.0,0.0,0.0,0.0
74,中心,3.0,0.0,3.0,0.0,1.0,0.0,0.0
75,精神,0.0,0.0,0.0,3.0,0.0,0.0,0.0
76,趋势,2.0,0.0,0.0,0.0,1.0,0.0,0.0
77,一直,5.0,0.0,0.0,0.0,0.0,0.0,1.0
78,物,2.0,0.0,0.0,0.0,5.0,0.0,0.0
79,歪,0.0,0.0,0.0,2.0,0.0,0.0,0.0
80,伦家,0.0,0.0,0.0,3.0,0.0,0.0,0.0
81,打,0.0,0.0,0.0,5.0,0.0,0.0,0.0
82,形象,2.0,0.0,0.0,0.0,0.0,0.0,0.0
83,重大,3.0,1.0,0.0,0.0,0.0,2.0,0.0
84,奥班,0.0,0.0,2.0,0.0,0.0,0.0,0.0
85,枪杀,4.0,0.0,0.0,0.0,0.0,0.0,0.0
86,整体,2.0,0.0,0.0,0.0,0.0,0.0,0.0
87,觉得,0.0,0.0,0.0,4.0,1.0,0.0,1.0
88,所谓,1.0,1.0,7.0,0.0,0.0,0.0,0.0
89,问,2.0,0.0,1.0,5.0,0.0,0.0,4.0
90,决议,2.0,0.0,0.0,0.0,0.0,0.0,0.0
91,间,2.0,0.0,0.0,0.0,0.0,0.0,0.0
92,工党,2.0,0.0,0.0,0.0,0.0,0.0,0.0
93,产量,3.0,0.0,0.0,0.0,0.0,0.0,0.0
94,特许,2.0,0.0,0.0,0.0,0.0,0.0,0.0
95,之前,8.0,0.0,0.0,0.0,0.0,1.0,0.0
96,赢得,6.0,0.0,0.0,0.0,0.0,0.0,0.0
97,指控,2.0,0.0,0.0,0.0,0.0,0.0,0.0
98,自身,3.0,0.0,0.0,0.0,0.0,0.0,0.0
99,人份,0.0,2.0,0.0,0.0,0.0,0.0,0.0
100,一天,2.0,0.0,0.0,1.0,0.0,0.0,0.0
101,聚集,2.0,0.0,0.0,0.0,0.0,0.0,0.0
102,人们,5.0,0.0,0.0,0.0,0.0,2.0,0.0
103,植须,0.0,2.0,0.0,0.0,0.0,0.0,0.0
104,变形记,0.0,0.0,0.0,12.0,0.0,0.0,0.0
105,伊拉克,4.0,0.0,0.0,0.0,0.0,0.0,0.0
106,需求,4.0,0.0,2.0,0.0,0.0,0.0,0.0
107,请点,0.0,0.0,0.0,20.0,0.0,0.0,0.0
108,亿美元,4.0,0.0,0.0,0.0,0.0,0.0,0.0
109,一种,5.0,0.0,0.0,0.0,0.0,2.0,0.0
110,刺激,2.0,0.0,0.0,0.0,0.0,0.0,0.0
111,带,4.0,0.0,0.0,7.0,0.0,0.0,0.0
112,公约,3.0,0.0,0.0,0.0,0.0,0.0,0.0
113,帮,0.0,0.0,0.0,0.0,2.0,0.0,0.0
114,非农,3.0,0.0,0.0,0.0,0.0,0.0,0.0
115,消费,1.0,0.0,2.0,0.0,0.0,0.0,0.0
116,万科,9.0,0.0,0.0,0.0,0.0,0.0,0.0
117,道,2.0,0.0,0.0,0.0,0.0,0.0,0.0
118,心病,0.0,0.0,0.0,0.0,0.0,2.0,0.0
119,候选人,3.0,0.0,0.0,0.0,0.0,0.0,0.0
120,最,15.0,1.0,0.0,0.0,2.0,1.0,0.0
121,高于,2.0,0.0,0.0,0.0,0.0,0.0,0.0
122,属于,2.0,0.0,0.0,0.0,0.0,0.0,0.0
123,宣言,2.0,0.0,0.0,0.0,0.0,0.0,0.0
124,方式,3.0,0.0,0.0,0.0,0.0,1.0,0.0
125,该校,0.0,0.0,0.0,0.0,0.0,2.0,0.0
126,杭州,0.0,0.0,0.0,0.0,0.0,2.0,0.0
127,前景,0.0,0.0,2.0,0.0,0.0,0.0,0.0
128,多人,0.0,1.0,5.0,0.0,0.0,0.0,0.0
129,财神,0.0,0.0,0.0,2.0,0.0,0.0,0.0
130,卡梅伦,10.0,0.0,0.0,0.0,0.0,0.0,0.0
131,反腐败,0.0,0.0,0.0,0.0,0.0,4.0,0.0
132,这种,4.0,1.0,0.0,0.0,0.0,1.0,0.0
133,吉莲,2.0,0.0,0.0,0.0,0.0,0.0,0.0
134,来辩,0.0,0.0,0.0,3.0,0.0,0.0,0.0
135,慧眼,0.0,0.0,2.0,0.0,0.0,0.0,0.0
136,迪米,3.0,0.0,0.0,0.0,0.0,0.0,0.0
137,主权,9.0,0.0,0.0,0.0,0.0,0.0,0.0
138,撩,0.0,0.0,0.0,3.0,0.0,0.0,0.0
139,争端,4.0,0.0,0.0,0.0,0.0,0.0,0.0
140,一点,3.0,0.0,0.0,0.0,1.0,0.0,0.0
141,企图,4.0,0.0,0.0,0.0,0.0,1.0,0.0
142,这次,5.0,0.0,0.0,0.0,0.0,0.0,0.0
143,承认,3.0,0.0,1.0,0.0,0.0,0.0,0.0
144,图,1.0,3.0,0.0,0.0,0.0,0.0,0.0
145,国,5.0,0.0,0.0,0.0,0.0,0.0,0.0
146,与其,2.0,1.0,0.0,0.0,0.0,0.0,0.0
147,内斯,2.0,0.0,0.0,0.0,0.0,0.0,0.0
148,理由,3.0,0.0,0.0,0.0,0.0,2.0,0.0
149,申诉,3.0,0.0,0.0,0.0,0.0,0.0,0.0
150,因,2.0,1.0,4.0,0.0,0.0,1.0,0.0
151,您,0.0,0.0,0.0,21.0,0.0,0.0,0.0
152,航空,4.0,0.0,0.0,0.0,0.0,0.0,0.0
153,哈哈,0.0,0.0,0.0,3.0,0.0,0.0,0.0
154,全国,5.0,0.0,8.0,0.0,0.0,2.0,0.0
155,资本,5.0,0.0,1.0,0.0,0.0,0.0,0.0
156,机场,3.0,0.0,2.0,0.0,0.0,0.0,0.0
157,看起来,2.0,0.0,0.0,0.0,0.0,0.0,0.0
158,后会无期,0.0,0.0,0.0,0.0,0.0,0.0,2.0
159,喀麦隆,2.0,0.0,0.0,0.0,0.0,0.0,0.0
160,国际,10.0,0.0,9.0,1.0,0.0,0.0,0.0
161,风有,0.0,0.0,0.0,3.0,0.0,0.0,0.0
162,短信,0.0,0.0,0.0,2.0,0.0,0.0,0.0
163,躺,0.0,0.0,0.0,3.0,0.0,0.0,0.0
164,高,2.0,0.0,0.0,1.0,0.0,0.0,0.0
165,民主,3.0,0.0,0.0,0.0,0.0,0.0,0.0
166,年度,6.0,1.0,0.0,0.0,0.0,0.0,0.0
167,培训,2.0,0.0,0.0,0.0,1.0,0.0,0.0
168,大小,1.0,0.0,0.0,20.0,0.0,0.0,0.0
169,礼物,1.0,0.0,0.0,3.0,0.0,0.0,0.0
170,逾,2.0,1.0,4.0,0.0,0.0,0.0,0.0
171,逼,0.0,0.0,0.0,3.0,0.0,0.0,0.0
172,阵营,6.0,0.0,0.0,0.0,0.0,0.0,0.0
173,被捕,1.0,0.0,4.0,0.0,0.0,0.0,0.0
174,交火,1.0,0.0,2.0,0.0,0.0,0.0,0.0
175,浅滩,3.0,0.0,0.0,0.0,0.0,0.0,0.0
176,丰尼娅,2.0,0.0,0.0,0.0,0.0,0.0,0.0
177,哇,0.0,0.0,0.0,3.0,0.0,0.0,0.0
178,充满,3.0,0.0,0.0,0.0,0.0,0.0,0.0
179,感觉,1.0,0.0,0.0,2.0,0.0,0.0,0.0
180,涨,0.0,0.0,0.0,6.0,0.0,0.0,0.0
181,组成,2.0,0.0,0.0,0.0,0.0,0.0,0.0
182,超过,2.0,2.0,1.0,0.0,0.0,1.0,1.0
183,退,2.0,0.0,0.0,0.0,0.0,0.0,0.0
184,多少,2.0,0.0,0.0,2.0,0.0,0.0,0.0
185,外交,4.0,0.0,0.0,0.0,0.0,0.0,0.0
186,已,13.0,0.0,7.0,0.0,0.0,3.0,0.0
187,这项,2.0,0.0,0.0,0.0,0.0,0.0,0.0
188,作出,4.0,0.0,3.0,0.0,0.0,0.0,0.0
189,降落,0.0,0.0,0.0,0.0,2.0,0.0,0.0
190,凌晨,2.0,0.0,0.0,0.0,0.0,0.0,0.0
191,业务,2.0,0.0,0.0,0.0,0.0,0.0,0.0
192,斯卡伯勒,3.0,0.0,0.0,0.0,0.0,0.0,0.0
193,卫生,0.0,0.0,0.0,3.0,0.0,0.0,0.0
194,情绪,3.0,0.0,0.0,0.0,0.0,0.0,0.0
195,胖,0.0,0.0,0.0,3.0,0.0,0.0,0.0
196,特么来,0.0,0.0,0.0,2.0,0.0,0.0,0.0
197,好,5.0,1.0,3.0,17.0,0.0,0.0,0.0
198,她,8.0,1.0,1.0,15.0,0.0,2.0,0.0
199,里瓦斯,2.0,0.0,0.0,0.0,0.0,0.0,0.0
200,新华社,0.0,0.0,14.0,0.0,0.0,2.0,0.0
201,女,3.0,0.0,0.0,3.0,0.0,3.0,0.0
202,人员,3.0,0.0,0.0,0.0,0.0,0.0,0.0
203,总部,2.0,0.0,0.0,0.0,0.0,0.0,0.0
204,韩碧如,5.0,0.0,0.0,0.0,0.0,0.0,0.0
205,推进,1.0,0.0,2.0,0.0,0.0,0.0,0.0
206,周三,7.0,0.0,0.0,0.0,0.0,0.0,0.0
207,斯,3.0,0.0,0.0,0.0,0.0,0.0,0.0
208,从,26.0,1.0,0.0,0.0,1.0,6.0,0.0
209,这位,2.0,0.0,0.0,0.0,0.0,1.0,0.0
210,仍,3.0,1.0,2.0,0.0,0.0,0.0,0.0
211,股,2.0,0.0,0.0,0.0,0.0,0.0,0.0
212,男童,0.0,2.0,0.0,0.0,0.0,0.0,0.0
213,钢铁,4.0,0.0,0.0,0.0,0.0,0.0,0.0
214,电影,4.0,0.0,0.0,0.0,0.0,0.0,5.0
215,顾问,1.0,0.0,2.0,0.0,0.0,0.0,0.0
216,令,4.0,0.0,0.0,0.0,0.0,2.0,0.0
217,以,13.0,0.0,2.0,1.0,1.0,1.0,0.0
218,体育课,0.0,0.0,0.0,3.0,0.0,0.0,0.0
219,拥有,3.0,0.0,0.0,0.0,0.0,0.0,0.0
220,们,13.0,0.0,0.0,4.0,0.0,0.0,0.0
221,主人,0.0,0.0,0.0,3.0,0.0,0.0,0.0
222,连接,0.0,0.0,0.0,0.0,2.0,0.0,0.0
223,这么,1.0,0.0,0.0,1.0,0.0,0.0,2.0
224,前,9.0,0.0,0.0,3.0,1.0,0.0,2.0
225,任,3.0,1.0,0.0,0.0,0.0,0.0,0.0
226,然而,5.0,0.0,0.0,0.0,0.0,0.0,0.0
227,原文,0.0,0.0,0.0,0.0,15.0,0.0,10.0
228,数名,0.0,0.0,2.0,0.0,0.0,0.0,0.0
229,区域合作,0.0,0.0,4.0,0.0,0.0,0.0,0.0
230,描述,5.0,0.0,0.0,0.0,0.0,1.0,0.0
231,新浪,0.0,0.0,0.0,0.0,15.0,0.0,10.0
232,公园,2.0,0.0,0.0,0.0,0.0,0.0,0.0
233,双边,2.0,0.0,0.0,0.0,0.0,0.0,0.0
234,日记,0.0,2.0,0.0,12.0,0.0,0.0,0.0
235,原本,3.0,0.0,0.0,0.0,0.0,0.0,0.0
236,海域,2.0,0.0,0.0,0.0,0.0,2.0,0.0
237,图书馆,0.0,2.0,0.0,0.0,0.0,0.0,0.0
238,二代,0.0,0.0,0.0,3.0,0.0,0.0,0.0
239,公投,20.0,0.0,0.0,0.0,0.0,0.0,0.0
240,可怕,0.0,0.0,0.0,0.0,3.0,0.0,0.0
241,亮点,2.0,0.0,1.0,0.0,0.0,0.0,0.0
242,泡面,0.0,0.0,0.0,3.0,0.0,0.0,0.0
243,抨击,2.0,0.0,0.0,0.0,0.0,0.0,0.0
244,思维,0.0,0.0,0.0,0.0,0.0,2.0,0.0
245,亿英镑,3.0,0.0,0.0,0.0,2.0,0.0,0.0
246,错过,0.0,0.0,0.0,3.0,0.0,0.0,0.0
247,开个,0.0,0.0,0.0,3.0,0.0,0.0,0.0
248,三十,0.0,0.0,0.0,2.0,0.0,0.0,0.0
249,出口,3.0,0.0,0.0,0.0,0.0,1.0,0.0
250,埃及,5.0,0.0,0.0,0.0,0.0,0.0,0.0
251,常设,5.0,0.0,0.0,0.0,0.0,0.0,0.0
252,杰夫,2.0,0.0,0.0,0.0,0.0,0.0,0.0
253,妻子,1.0,0.0,2.0,0.0,0.0,0.0,0.0
254,家族企业,4.0,0.0,0.0,0.0,0.0,0.0,0.0
255,核心,4.0,0.0,0.0,0.0,0.0,4.0,0.0
256,成分,0.0,2.0,0.0,0.0,0.0,0.0,0.0
257,增长,23.0,0.0,1.0,0.0,0.0,0.0,0.0
258,周五,3.0,0.0,0.0,0.0,0.0,0.0,0.0
259,顽皮,0.0,0.0,0.0,3.0,0.0,0.0,0.0
260,自备,0.0,2.0,0.0,0.0,0.0,0.0,0.0
261,杨洁篪,0.0,0.0,3.0,0.0,0.0,0.0,0.0
262,通讯,2.0,0.0,0.0,0.0,0.0,0.0,0.0
263,相吻合,2.0,0.0,0.0,0.0,0.0,0.0,0.0
264,帕克,5.0,0.0,0.0,0.0,0.0,0.0,0.0
265,报价,3.0,0.0,0.0,0.0,0.0,0.0,0.0
266,各国,3.0,0.0,0.0,0.0,0.0,0.0,0.0
267,凸显出,2.0,0.0,0.0,0.0,0.0,0.0,0.0
268,全球化,3.0,0.0,0.0,0.0,0.0,0.0,0.0
269,条,15.0,0.0,0.0,0.0,0.0,1.0,0.0
270,邻近,0.0,0.0,2.0,0.0,0.0,0.0,0.0
271,遛狗,0.0,2.0,0.0,0.0,0.0,0.0,0.0
272,目标,5.0,1.0,0.0,0.0,0.0,0.0,0.0
273,必有,2.0,0.0,0.0,0.0,0.0,0.0,0.0
274,夺回,2.0,0.0,0.0,0.0,0.0,0.0,0.0
275,安倍晋三,2.0,0.0,0.0,0.0,0.0,0.0,0.0
276,股价,3.0,0.0,0.0,0.0,0.0,0.0,0.0
277,动力,3.0,0.0,0.0,0.0,0.0,0.0,0.0
278,表现,3.0,0.0,0.0,0.0,0.0,0.0,0.0
279,股份,2.0,0.0,0.0,0.0,0.0,0.0,0.0
280,冠名,0.0,0.0,0.0,0.0,0.0,2.0,0.0
281,枪击,2.0,0.0,0.0,0.0,0.0,0.0,0.0
282,喵,0.0,0.0,0.0,3.0,0.0,0.0,0.0
283,平台,3.0,0.0,0.0,0.0,0.0,0.0,0.0
284,制定者,2.0,0.0,0.0,0.0,0.0,0.0,0.0
285,准备,2.0,0.0,3.0,0.0,1.0,0.0,0.0
286,提起,6.0,0.0,0.0,0.0,0.0,0.0,0.0
287,手中,3.0,0.0,0.0,0.0,0.0,0.0,0.0
288,啥,0.0,0.0,0.0,0.0,0.0,0.0,2.0
289,计较,0.0,0.0,0.0,3.0,0.0,0.0,0.0
290,造成,4.0,0.0,8.0,0.0,0.0,0.0,0.0
291,坚决,0.0,0.0,4.0,0.0,0.0,0.0,0.0
292,幽默,0.0,0.0,0.0,10.0,0.0,0.0,0.0
293,姐,0.0,0.0,0.0,3.0,0.0,0.0,0.0
294,其中,1.0,1.0,2.0,0.0,0.0,1.0,0.0
295,躲,0.0,0.0,0.0,4.0,0.0,0.0,0.0
296,遭到,3.0,0.0,0.0,0.0,0.0,0.0,0.0
297,买不起,0.0,0.0,0.0,3.0,0.0,0.0,0.0
298,表明,3.0,0.0,0.0,0.0,0.0,0.0,0.0
299,路透社,2.0,0.0,0.0,0.0,0.0,0.0,0.0
300,巡逻,0.0,0.0,5.0,0.0,0.0,0.0,0.0
301,经济学家,7.0,0.0,0.0,0.0,0.0,0.0,0.0
302,帝国,2.0,0.0,0.0,0.0,0.0,0.0,0.0
303,赵吏,0.0,0.0,0.0,2.0,0.0,0.0,0.0
304,合作,1.0,0.0,3.0,0.0,0.0,3.0,0.0
305,豪华,0.0,2.0,0.0,0.0,0.0,0.0,0.0
306,挫败,1.0,0.0,2.0,0.0,0.0,0.0,0.0
307,命感,0.0,0.0,0.0,3.0,0.0,0.0,0.0
308,警员,0.0,0.0,4.0,0.0,0.0,0.0,0.0
309,著名,2.0,0.0,0.0,0.0,0.0,0.0,0.0
310,体验,0.0,0.0,0.0,2.0,2.0,0.0,0.0
311,两排,0.0,0.0,0.0,3.0,0.0,0.0,0.0
312,警告,5.0,1.0,0.0,0.0,0.0,0.0,0.0
313,应该,3.0,0.0,0.0,1.0,0.0,0.0,0.0
314,诉求,2.0,0.0,1.0,0.0,0.0,0.0,0.0
315,脱离,2.0,0.0,0.0,0.0,0.0,0.0,0.0
316,哈萨克斯坦,2.0,0.0,1.0,0.0,0.0,0.0,0.0
317,真怕,0.0,0.0,0.0,2.0,0.0,0.0,0.0
318,上涨,4.0,0.0,0.0,0.0,0.0,0.0,0.0
319,深刻,4.0,0.0,0.0,0.0,0.0,0.0,0.0
320,起床,0.0,0.0,0.0,3.0,0.0,0.0,0.0
321,劳工,3.0,0.0,0.0,0.0,0.0,0.0,0.0
322,和尚,0.0,0.0,0.0,3.0,0.0,0.0,0.0
323,二十,0.0,0.0,0.0,2.0,0.0,0.0,0.0
324,当时,2.0,0.0,0.0,3.0,1.0,0.0,0.0
325,伏击,2.0,0.0,0.0,0.0,0.0,0.0,0.0
326,萌化,0.0,0.0,0.0,3.0,0.0,0.0,0.0
327,地方,2.0,0.0,0.0,0.0,0.0,2.0,0.0
328,请勿,0.0,0.0,0.0,3.0,0.0,0.0,0.0
329,态度,3.0,0.0,0.0,0.0,0.0,1.0,0.0
330,或许,5.0,0.0,0.0,0.0,1.0,0.0,0.0
331,事务,0.0,0.0,2.0,0.0,0.0,0.0,0.0
332,里,4.0,0.0,1.0,5.0,0.0,2.0,0.0
333,巴西,1.0,4.0,0.0,0.0,0.0,0.0,0.0
334,精华,0.0,0.0,0.0,0.0,15.0,0.0,0.0
335,承诺,8.0,0.0,0.0,0.0,0.0,0.0,0.0
336,诱奸,0.0,0.0,0.0,0.0,0.0,2.0,0.0
337,原因,4.0,1.0,1.0,0.0,0.0,1.0,0.0
338,提高,4.0,0.0,0.0,0.0,0.0,0.0,0.0
339,小张,0.0,0.0,0.0,4.0,0.0,0.0,0.0
340,铃声,0.0,0.0,0.0,191.0,0.0,0.0,0.0
341,派拉蒙,2.0,0.0,0.0,0.0,0.0,0.0,0.0
342,全面,1.0,0.0,0.0,0.0,0.0,2.0,0.0
343,真的,2.0,0.0,0.0,2.0,0.0,0.0,0.0
344,设计,3.0,0.0,0.0,0.0,1.0,0.0,0.0
345,拿,0.0,0.0,0.0,4.0,0.0,0.0,0.0
346,群架,0.0,0.0,2.0,0.0,0.0,0.0,0.0
347,新任,3.0,0.0,0.0,0.0,0.0,0.0,0.0
348,有所,3.0,0.0,0.0,0.0,0.0,0.0,0.0
349,政坛,3.0,0.0,0.0,0.0,0.0,0.0,0.0
350,能,3.0,2.0,0.0,3.0,1.0,1.0,0.0
351,女孩,0.0,2.0,0.0,0.0,0.0,1.0,0.0
352,负责,3.0,1.0,1.0,0.0,0.0,0.0,0.0
353,漫画,0.0,0.0,0.0,6.0,0.0,0.0,0.0
354,利,2.0,0.0,0.0,0.0,0.0,0.0,0.0
355,悲剧,2.0,0.0,0.0,0.0,0.0,1.0,0.0
356,大使,0.0,0.0,3.0,0.0,0.0,0.0,0.0
357,为何,2.0,0.0,0.0,0.0,0.0,0.0,0.0
358,强调,2.0,0.0,0.0,0.0,0.0,0.0,0.0
359,就任,3.0,0.0,0.0,0.0,0.0,0.0,0.0
360,分,3.0,0.0,0.0,0.0,1.0,0.0,0.0
361,安保,2.0,0.0,0.0,0.0,0.0,0.0,0.0
362,案,5.0,0.0,6.0,0.0,0.0,1.0,0.0
363,双脸,0.0,2.0,0.0,0.0,0.0,0.0,0.0
364,背,0.0,2.0,0.0,0.0,0.0,0.0,0.0
365,特里萨,5.0,0.0,0.0,0.0,0.0,0.0,0.0
366,刚刚,0.0,0.0,0.0,3.0,0.0,0.0,0.0
367,挺,0.0,0.0,0.0,11.0,0.0,0.0,0.0
368,持有,2.0,0.0,0.0,0.0,0.0,0.0,0.0
369,钾肥,10.0,0.0,0.0,0.0,0.0,0.0,0.0
370,自卫权,0.0,0.0,0.0,0.0,0.0,3.0,0.0
371,零,0.0,2.0,0.0,0.0,0.0,0.0,0.0
372,开罗,4.0,0.0,0.0,0.0,0.0,0.0,0.0
373,不利,3.0,0.0,0.0,0.0,0.0,0.0,0.0
374,爱德华,2.0,0.0,0.0,0.0,0.0,0.0,0.0
375,散步,0.0,2.0,0.0,0.0,0.0,0.0,0.0
376,华人,0.0,0.0,3.0,0.0,0.0,0.0,0.0
377,发电能力,3.0,0.0,0.0,0.0,0.0,0.0,0.0
378,枪手,2.0,0.0,0.0,0.0,0.0,0.0,0.0
379,参与,4.0,0.0,3.0,0.0,0.0,0.0,0.0
380,按,2.0,0.0,0.0,0.0,0.0,0.0,0.0
381,一模一样,0.0,0.0,0.0,3.0,0.0,0.0,0.0
382,主要,4.0,0.0,1.0,0.0,0.0,1.0,0.0
383,六年,2.0,0.0,0.0,0.0,0.0,0.0,0.0
384,持,2.0,0.0,0.0,0.0,0.0,0.0,0.0
385,克制,2.0,0.0,0.0,0.0,0.0,0.0,0.0
386,宝藏,0.0,2.0,0.0,0.0,0.0,0.0,0.0
387,斗篷,0.0,0.0,0.0,0.0,2.0,0.0,0.0
388,驻,0.0,0.0,4.0,0.0,0.0,0.0,0.0
389,安然无恙,0.0,0.0,2.0,0.0,0.0,0.0,0.0
390,传统,4.0,0.0,0.0,0.0,0.0,0.0,0.0
391,克洛弗,2.0,0.0,0.0,0.0,0.0,0.0,0.0
392,解决,7.0,0.0,0.0,0.0,0.0,1.0,0.0
393,反正,0.0,0.0,0.0,3.0,0.0,0.0,0.0
394,小学,3.0,0.0,0.0,0.0,0.0,0.0,1.0
395,分子,3.0,0.0,0.0,0.0,0.0,0.0,0.0
396,鲁治,2.0,0.0,0.0,0.0,0.0,0.0,0.0
397,关系,1.0,0.0,5.0,0.0,0.0,0.0,0.0
398,远远,2.0,0.0,0.0,0.0,0.0,0.0,0.0
399,有限公司,2.0,0.0,0.0,0.0,0.0,0.0,0.0
400,火爆,2.0,0.0,0.0,0.0,0.0,0.0,0.0
401,飞机,4.0,0.0,0.0,0.0,0.0,0.0,0.0
402,邰蒂,2.0,0.0,0.0,0.0,0.0,0.0,0.0
403,大幅,4.0,0.0,0.0,0.0,0.0,0.0,0.0
404,女子,1.0,2.0,0.0,0.0,0.0,0.0,0.0
405,本来,2.0,0.0,0.0,0.0,0.0,0.0,0.0
406,大,5.0,0.0,0.0,6.0,0.0,2.0,1.0
407,佳佳,0.0,0.0,0.0,3.0,0.0,0.0,0.0
408,太,0.0,0.0,0.0,3.0,0.0,0.0,0.0
409,筹码,0.0,0.0,0.0,0.0,0.0,2.0,0.0
410,刷刷,0.0,0.0,0.0,3.0,0.0,0.0,0.0
411,协同,2.0,0.0,0.0,0.0,0.0,0.0,0.0
412,真,1.0,0.0,0.0,6.0,0.0,0.0,0.0
413,数学,3.0,0.0,0.0,0.0,0.0,0.0,1.0
414,观,3.0,0.0,0.0,0.0,0.0,0.0,0.0
415,甚至,2.0,1.0,0.0,0.0,0.0,1.0,0.0
416,电气,3.0,0.0,0.0,0.0,0.0,0.0,0.0
417,发电,0.0,2.0,0.0,0.0,0.0,0.0,0.0
418,方法,0.0,0.0,0.0,3.0,0.0,0.0,0.0
419,过日子,0.0,0.0,0.0,3.0,0.0,0.0,0.0
420,多,10.0,1.0,1.0,9.0,1.0,1.0,0.0
421,罗默,3.0,0.0,0.0,0.0,0.0,0.0,0.0
422,压力,2.0,2.0,0.0,0.0,0.0,0.0,0.0
423,燃煤,2.0,0.0,0.0,0.0,0.0,0.0,0.0
424,这场,2.0,0.0,0.0,0.0,0.0,0.0,0.0
425,东西,2.0,0.0,0.0,1.0,0.0,0.0,0.0
426,地道,0.0,0.0,0.0,3.0,0.0,0.0,0.0
427,越南,2.0,0.0,0.0,0.0,0.0,0.0,0.0
428,和平,5.0,0.0,2.0,0.0,0.0,0.0,0.0
429,介绍,2.0,0.0,1.0,20.0,0.0,0.0,0.0
430,伊尔,2.0,0.0,0.0,0.0,0.0,0.0,0.0
431,前往,2.0,0.0,1.0,0.0,0.0,0.0,0.0
432,不再,3.0,0.0,0.0,0.0,0.0,0.0,0.0
433,已经,11.0,0.0,1.0,0.0,1.0,3.0,0.0
434,保持,2.0,0.0,3.0,0.0,0.0,0.0,0.0
435,干涉,2.0,0.0,0.0,0.0,0.0,0.0,0.0
436,实施,2.0,2.0,0.0,0.0,0.0,0.0,0.0
437,下跌,2.0,0.0,0.0,0.0,0.0,0.0,0.0
438,阅读,1.0,0.0,0.0,110.0,0.0,0.0,3.0
439,起来,2.0,0.0,0.0,0.0,0.0,1.0,0.0
440,与此同时,3.0,0.0,0.0,0.0,0.0,0.0,0.0
441,当天,1.0,0.0,2.0,0.0,0.0,0.0,0.0
442,商人,3.0,0.0,0.0,0.0,0.0,0.0,0.0
443,发生,8.0,1.0,11.0,0.0,0.0,0.0,0.0
444,为了,1.0,1.0,0.0,2.0,0.0,0.0,0.0
445,增速,3.0,0.0,0.0,0.0,0.0,0.0,0.0
446,意图,0.0,0.0,0.0,0.0,2.0,0.0,0.0
447,救灾,0.0,0.0,0.0,0.0,0.0,0.0,2.0
448,二战,2.0,0.0,0.0,0.0,0.0,0.0,0.0
449,走上,2.0,0.0,0.0,0.0,0.0,0.0,0.0
450,那么,2.0,0.0,0.0,3.0,1.0,1.0,0.0
451,习近平,2.0,0.0,0.0,0.0,0.0,1.0,0.0
452,法律,2.0,0.0,0.0,0.0,0.0,0.0,0.0
453,土耳其,12.0,0.0,30.0,0.0,0.0,0.0,0.0
454,快点,0.0,0.0,0.0,4.0,0.0,0.0,0.0
455,开,2.0,0.0,0.0,1.0,0.0,1.0,1.0
456,拉,1.0,0.0,0.0,4.0,0.0,0.0,0.0
457,开来,2.0,0.0,0.0,0.0,0.0,0.0,0.0
458,地址,0.0,0.0,0.0,0.0,0.0,0.0,3.0
459,男子,1.0,5.0,0.0,1.0,0.0,0.0,0.0
460,清洗,2.0,0.0,0.0,0.0,0.0,0.0,0.0
461,收益率,3.0,0.0,0.0,0.0,0.0,0.0,0.0
462,瓜棚,0.0,0.0,0.0,2.0,0.0,0.0,0.0
463,菲律宾,14.0,0.0,2.0,0.0,0.0,0.0,0.0
464,分析,3.0,0.0,0.0,0.0,0.0,0.0,0.0
465,影响,4.0,0.0,3.0,0.0,1.0,1.0,0.0
466,零花钱,0.0,0.0,0.0,2.0,0.0,0.0,0.0
467,格式,0.0,0.0,0.0,20.0,0.0,0.0,0.0
468,特斯拉,0.0,0.0,0.0,0.0,2.0,0.0,0.0
469,严重,2.0,1.0,1.0,0.0,0.0,0.0,0.0
470,不同,5.0,0.0,0.0,0.0,0.0,0.0,0.0
471,股本,2.0,0.0,0.0,0.0,0.0,0.0,0.0
472,之一,11.0,0.0,0.0,0.0,0.0,0.0,0.0
473,社交,3.0,0.0,0.0,0.0,0.0,0.0,0.0
474,最新,4.0,0.0,0.0,0.0,0.0,0.0,0.0
475,厦大,0.0,0.0,0.0,0.0,0.0,3.0,0.0
476,资源,3.0,0.0,1.0,0.0,0.0,0.0,0.0
477,反映,2.0,0.0,0.0,0.0,0.0,0.0,0.0
478,转变,1.0,0.0,0.0,0.0,0.0,2.0,0.0
479,跌停,2.0,0.0,0.0,0.0,0.0,0.0,0.0
480,外媒,0.0,0.0,4.0,0.0,0.0,0.0,0.0
481,情人节,0.0,0.0,0.0,3.0,0.0,0.0,0.0
482,搞,0.0,0.0,0.0,3.0,0.0,0.0,0.0
483,看,5.0,0.0,0.0,8.0,1.0,3.0,0.0
484,召唤,0.0,0.0,0.0,3.0,0.0,0.0,0.0
485,斥资,2.0,0.0,0.0,0.0,0.0,0.0,0.0
486,减少,4.0,0.0,0.0,0.0,0.0,0.0,0.0
487,未遂,0.0,0.0,3.0,0.0,0.0,0.0,0.0
488,场景,3.0,0.0,0.0,0.0,0.0,0.0,0.0
489,回来,0.0,0.0,0.0,6.0,0.0,0.0,0.0
490,黛安,2.0,0.0,0.0,0.0,0.0,0.0,0.0
491,正在,11.0,0.0,4.0,0.0,0.0,0.0,0.0
492,电厂,2.0,0.0,0.0,0.0,0.0,0.0,0.0
493,阿拉木图,0.0,0.0,4.0,0.0,0.0,0.0,0.0
494,周四,2.0,0.0,0.0,0.0,0.0,0.0,0.0
495,东南部,1.0,0.0,2.0,0.0,0.0,0.0,0.0
496,傻,0.0,0.0,0.0,3.0,0.0,0.0,0.0
497,差别,0.0,0.0,0.0,0.0,0.0,2.0,0.0
498,怎样,1.0,0.0,0.0,6.0,0.0,0.0,0.0
499,据,7.0,0.0,15.0,0.0,2.0,0.0,0.0
500,猫咪,0.0,0.0,0.0,4.0,0.0,0.0,0.0
501,一项,3.0,1.0,0.0,0.0,0.0,1.0,0.0
502,尼斯,7.0,0.0,2.0,0.0,0.0,0.0,0.0
503,浪费资源,0.0,0.0,0.0,3.0,0.0,0.0,0.0
504,价格,6.0,0.0,0.0,0.0,0.0,2.0,0.0
505,研究生,0.0,0.0,0.0,0.0,0.0,2.0,0.0
506,完全,5.0,0.0,0.0,0.0,0.0,0.0,0.0
507,只是,2.0,0.0,0.0,0.0,0.0,1.0,1.0
508,不服,0.0,0.0,0.0,3.0,0.0,0.0,0.0
509,金融信息,2.0,0.0,0.0,0.0,0.0,0.0,0.0
510,宏观,2.0,0.0,3.0,0.0,0.0,0.0,0.0
511,公斤,0.0,2.0,0.0,0.0,0.0,0.0,0.0
512,关于,3.0,0.0,0.0,0.0,0.0,0.0,3.0
513,通讯社,0.0,0.0,2.0,0.0,0.0,0.0,0.0
514,歌曲,0.0,0.0,0.0,6.0,0.0,0.0,0.0
515,接着,4.0,0.0,0.0,0.0,0.0,0.0,0.0
516,伊斯坦布尔,4.0,0.0,3.0,0.0,0.0,0.0,0.0
517,活,0.0,2.0,0.0,0.0,0.0,0.0,0.0
518,大量,2.0,2.0,0.0,0.0,0.0,0.0,0.0
519,受到,4.0,0.0,1.0,0.0,0.0,0.0,0.0
520,由此,2.0,0.0,0.0,0.0,0.0,1.0,0.0
521,至少,7.0,0.0,0.0,0.0,0.0,0.0,0.0
522,九段,2.0,0.0,0.0,0.0,0.0,0.0,0.0
523,乌龟,0.0,0.0,0.0,3.0,0.0,0.0,0.0
524,壳,0.0,0.0,0.0,3.0,0.0,0.0,0.0
525,晚间,3.0,0.0,2.0,0.0,0.0,0.0,0.0
526,主张,9.0,0.0,0.0,0.0,0.0,0.0,0.0
527,遇害,3.0,0.0,0.0,0.0,0.0,0.0,0.0
528,外长,3.0,0.0,4.0,0.0,0.0,0.0,0.0
529,买家,5.0,0.0,0.0,0.0,0.0,0.0,0.0
530,日本,15.0,12.0,1.0,0.0,0.0,2.0,0.0
531,船,2.0,0.0,0.0,0.0,0.0,0.0,0.0
532,祸害,0.0,0.0,0.0,3.0,0.0,0.0,0.0
533,力量,3.0,0.0,0.0,0.0,0.0,0.0,0.0
534,上班,0.0,0.0,0.0,4.0,0.0,0.0,0.0
535,男人,0.0,0.0,0.0,7.0,0.0,0.0,0.0
536,老大爷,0.0,0.0,0.0,4.0,0.0,0.0,0.0
537,更加,3.0,0.0,0.0,0.0,0.0,0.0,0.0
538,乞丐,0.0,0.0,0.0,2.0,0.0,0.0,0.0
539,是否,4.0,0.0,1.0,0.0,0.0,0.0,1.0
540,东部,0.0,0.0,1.0,0.0,0.0,2.0,0.0
541,这里,2.0,0.0,0.0,60.0,1.0,0.0,0.0
542,降低,2.0,0.0,0.0,0.0,0.0,0.0,0.0
543,抓小偷,0.0,0.0,0.0,3.0,0.0,0.0,0.0
544,溃败,4.0,0.0,0.0,0.0,0.0,0.0,0.0
545,填海,2.0,0.0,0.0,0.0,0.0,0.0,0.0
546,电信,3.0,0.0,0.0,0.0,0.0,0.0,0.0
547,季度,7.0,0.0,0.0,0.0,0.0,0.0,0.0
548,取得,0.0,0.0,2.0,0.0,0.0,0.0,0.0
549,冰冻,0.0,0.0,0.0,3.0,0.0,0.0,0.0
550,背景,2.0,0.0,0.0,1.0,0.0,0.0,0.0
551,同意,3.0,0.0,0.0,0.0,0.0,0.0,0.0
552,文明,0.0,0.0,0.0,0.0,0.0,2.0,0.0
553,万达,3.0,0.0,0.0,0.0,0.0,0.0,0.0
554,报复,2.0,0.0,0.0,0.0,0.0,0.0,0.0
555,三星电子,2.0,0.0,0.0,0.0,0.0,0.0,0.0
556,搭讪,0.0,0.0,0.0,3.0,0.0,0.0,0.0
557,再,5.0,0.0,0.0,0.0,2.0,1.0,1.0
558,迅速,4.0,1.0,0.0,0.0,0.0,0.0,0.0
559,内,2.0,1.0,7.0,1.0,0.0,0.0,0.0
560,地区,8.0,0.0,2.0,0.0,0.0,2.0,0.0
561,不过,5.0,0.0,0.0,0.0,2.0,0.0,0.0
562,屎,0.0,0.0,0.0,3.0,0.0,0.0,0.0
563,任天堂,3.0,0.0,0.0,0.0,0.0,0.0,0.0
564,钢材,2.0,0.0,0.0,0.0,0.0,0.0,0.0
565,博导,0.0,0.0,0.0,0.0,0.0,2.0,0.0
566,变得,3.0,0.0,0.0,0.0,1.0,0.0,0.0
567,透露,2.0,0.0,0.0,0.0,0.0,0.0,0.0
568,闺女,0.0,0.0,0.0,3.0,0.0,0.0,0.0
569,转型,3.0,0.0,0.0,0.0,0.0,0.0,0.0
570,儿子,0.0,0.0,0.0,3.0,0.0,0.0,0.0
571,澳大利亚,0.0,2.0,1.0,0.0,0.0,0.0,0.0
572,制裁,0.0,0.0,0.0,0.0,0.0,3.0,0.0
573,当地,5.0,0.0,7.0,0.0,0.0,0.0,0.0
574,专家,2.0,0.0,4.0,0.0,0.0,0.0,0.0
575,昆明,2.0,0.0,0.0,0.0,0.0,1.0,0.0
576,回,2.0,0.0,0.0,1.0,0.0,0.0,0.0
577,提供,7.0,0.0,1.0,20.0,0.0,0.0,0.0
578,对外,0.0,0.0,0.0,0.0,0.0,2.0,0.0
579,经济,31.0,1.0,3.0,3.0,0.0,1.0,0.0
580,社评,6.0,0.0,0.0,0.0,0.0,0.0,0.0
581,联系,2.0,0.0,0.0,0.0,0.0,0.0,0.0
582,买断,2.0,0.0,0.0,0.0,0.0,0.0,0.0
583,决定,6.0,1.0,0.0,4.0,0.0,0.0,0.0
584,康河信,4.0,0.0,0.0,0.0,0.0,0.0,0.0
585,成功,1.0,0.0,0.0,2.0,2.0,0.0,0.0
586,想,6.0,0.0,0.0,7.0,3.0,0.0,1.0
587,推动,4.0,0.0,4.0,0.0,0.0,0.0,0.0
588,还要,0.0,0.0,0.0,2.0,0.0,0.0,0.0
589,开幕,0.0,0.0,3.0,0.0,0.0,0.0,0.0
590,执政,3.0,0.0,0.0,0.0,0.0,0.0,0.0
591,集体,0.0,0.0,0.0,0.0,0.0,3.0,0.0
592,国务卿,1.0,0.0,2.0,0.0,0.0,0.0,0.0
593,来源国,3.0,0.0,0.0,0.0,0.0,0.0,0.0
594,智能手机,4.0,0.0,0.0,0.0,0.0,0.0,0.0
595,水平,2.0,0.0,0.0,0.0,0.0,0.0,0.0
596,范围,2.0,0.0,5.0,0.0,0.0,0.0,0.0
597,哥方,0.0,0.0,3.0,0.0,0.0,0.0,0.0
598,出,7.0,1.0,0.0,1.0,0.0,0.0,0.0
599,时期,3.0,0.0,0.0,0.0,0.0,1.0,0.0
600,各方,4.0,0.0,0.0,0.0,0.0,0.0,0.0
601,警官,3.0,0.0,0.0,0.0,0.0,0.0,0.0
602,研讨会,0.0,0.0,2.0,0.0,0.0,0.0,0.0
603,精细,0.0,0.0,2.0,0.0,0.0,0.0,0.0
604,不好意思,0.0,0.0,0.0,2.0,0.0,0.0,0.0
605,大选,2.0,0.0,0.0,0.0,0.0,0.0,0.0
606,因此,4.0,0.0,1.0,0.0,0.0,0.0,0.0
607,电脑,0.0,2.0,0.0,0.0,0.0,0.0,0.0
608,真正,1.0,0.0,0.0,3.0,0.0,0.0,0.0
609,目前,7.0,0.0,6.0,0.0,1.0,0.0,0.0
610,开支,2.0,0.0,0.0,0.0,0.0,0.0,0.0
611,宪法,2.0,0.0,0.0,0.0,0.0,3.0,0.0
612,资金,4.0,0.0,0.0,0.0,0.0,0.0,0.0
613,利用,3.0,0.0,0.0,0.0,0.0,0.0,0.0
614,生产总值,2.0,0.0,0.0,0.0,0.0,0.0,0.0
615,以来,6.0,1.0,0.0,0.0,0.0,1.0,0.0
616,业绩,2.0,0.0,0.0,0.0,0.0,0.0,0.0
617,很多,2.0,0.0,0.0,0.0,0.0,2.0,1.0
618,脸,0.0,0.0,0.0,3.0,0.0,0.0,0.0
619,产品,2.0,0.0,0.0,0.0,1.0,0.0,1.0
620,微信,0.0,0.0,0.0,0.0,15.0,0.0,2.0
621,战略,4.0,0.0,1.0,0.0,1.0,0.0,0.0
622,非常,3.0,1.0,0.0,1.0,0.0,0.0,1.0
623,军方,2.0,0.0,2.0,0.0,0.0,0.0,0.0
624,危险,2.0,0.0,0.0,0.0,0.0,0.0,0.0
625,不行,0.0,0.0,0.0,4.0,0.0,0.0,0.0
626,丧生,1.0,0.0,2.0,0.0,0.0,0.0,0.0
627,敏感,2.0,0.0,0.0,0.0,0.0,0.0,0.0
628,后来,1.0,0.0,0.0,0.0,0.0,0.0,2.0
629,议会,2.0,0.0,7.0,0.0,0.0,0.0,0.0
630,南海,20.0,0.0,14.0,1.0,0.0,1.0,0.0
631,加强,0.0,0.0,3.0,0.0,0.0,0.0,0.0
632,一片,2.0,0.0,0.0,1.0,0.0,0.0,0.0
633,绿色,5.0,0.0,0.0,0.0,0.0,0.0,0.0
634,应用,3.0,0.0,0.0,0.0,18.0,0.0,0.0
635,尽管,4.0,0.0,0.0,0.0,1.0,0.0,0.0
636,站长,0.0,2.0,0.0,0.0,0.0,0.0,0.0
637,最后,2.0,0.0,0.0,1.0,0.0,1.0,0.0
638,信心,1.0,0.0,2.0,0.0,0.0,0.0,0.0
639,出现,5.0,1.0,0.0,0.0,0.0,1.0,0.0
640,能耐,0.0,0.0,0.0,3.0,0.0,0.0,0.0
641,讲话,3.0,0.0,1.0,0.0,0.0,0.0,0.0
642,假如,2.0,0.0,0.0,3.0,0.0,0.0,0.0
643,牌子,0.0,0.0,0.0,3.0,0.0,0.0,0.0
644,真会,0.0,0.0,0.0,3.0,0.0,0.0,0.0
645,西尔,2.0,0.0,0.0,0.0,0.0,0.0,0.0
646,指导,2.0,0.0,0.0,0.0,0.0,1.0,0.0
647,金币,0.0,3.0,0.0,0.0,0.0,0.0,0.0
648,特点,2.0,0.0,0.0,0.0,0.0,0.0,0.0
649,货车,4.0,0.0,0.0,0.0,0.0,0.0,0.0
650,老公,0.0,0.0,0.0,4.0,0.0,0.0,0.0
651,怕,0.0,0.0,0.0,2.0,0.0,0.0,0.0
652,比,3.0,0.0,0.0,1.0,1.0,0.0,0.0
653,社会,6.0,0.0,2.0,0.0,0.0,5.0,0.0
654,竞争,2.0,0.0,0.0,0.0,0.0,0.0,0.0
655,北京,28.0,0.0,7.0,0.0,0.0,2.0,0.0
656,举行,2.0,0.0,3.0,0.0,0.0,0.0,0.0
657,来看,2.0,0.0,0.0,0.0,0.0,0.0,0.0
658,三只,0.0,0.0,0.0,3.0,0.0,0.0,0.0
659,退伍军人,2.0,0.0,0.0,0.0,0.0,0.0,0.0
660,长期,4.0,0.0,0.0,0.0,0.0,0.0,0.0
661,狙击手,4.0,0.0,0.0,0.0,0.0,0.0,0.0
662,最受,2.0,0.0,0.0,0.0,0.0,0.0,0.0
663,美,4.0,3.0,1.0,0.0,0.0,1.0,0.0
664,包括,5.0,0.0,0.0,0.0,0.0,1.0,0.0
665,细节,3.0,0.0,0.0,0.0,0.0,0.0,0.0
666,里面,0.0,0.0,0.0,2.0,0.0,0.0,0.0
667,音效,0.0,0.0,0.0,3.0,0.0,0.0,0.0
668,大家,0.0,0.0,0.0,0.0,0.0,0.0,3.0
669,押注,2.0,0.0,0.0,0.0,0.0,0.0,0.0
670,大约,2.0,0.0,0.0,0.0,0.0,0.0,0.0
671,显得,0.0,0.0,0.0,3.0,0.0,0.0,0.0
672,调查报告,0.0,0.0,2.0,0.0,0.0,0.0,0.0
673,媳妇,0.0,0.0,0.0,8.0,0.0,0.0,0.0
674,化解,2.0,0.0,0.0,0.0,0.0,0.0,0.0
675,之声,0.0,0.0,3.0,0.0,0.0,0.0,0.0
676,大宗,3.0,0.0,0.0,0.0,0.0,0.0,0.0
677,带来,2.0,1.0,0.0,0.0,1.0,0.0,0.0
678,麦当劳,5.0,0.0,0.0,0.0,0.0,0.0,0.0
679,显而易见,2.0,0.0,0.0,0.0,0.0,0.0,0.0
680,陪,0.0,0.0,0.0,3.0,0.0,0.0,0.0
681,书包,0.0,2.0,0.0,0.0,0.0,0.0,0.0
682,昨晚,0.0,0.0,0.0,2.0,0.0,0.0,0.0
683,软件,3.0,0.0,0.0,0.0,0.0,0.0,0.0
684,行业,11.0,0.0,0.0,0.0,0.0,0.0,0.0
685,大学生,0.0,2.0,0.0,0.0,0.0,0.0,0.0
686,某宝,0.0,0.0,0.0,3.0,0.0,0.0,0.0
687,透明,0.0,2.0,0.0,0.0,0.0,0.0,0.0
688,他们,13.0,0.0,0.0,0.0,0.0,1.0,0.0
689,警民,0.0,0.0,3.0,0.0,0.0,0.0,0.0
690,不好惹,0.0,0.0,0.0,3.0,0.0,0.0,0.0
691,葬礼,0.0,2.0,0.0,0.0,0.0,0.0,0.0
692,简直,0.0,0.0,0.0,3.0,0.0,0.0,0.0
693,民众,0.0,0.0,2.0,0.0,0.0,0.0,0.0
694,亚洲,5.0,1.0,0.0,0.0,0.0,0.0,0.0
695,基金,7.0,0.0,0.0,0.0,0.0,0.0,0.0
696,男生,2.0,0.0,0.0,0.0,0.0,0.0,0.0
697,笑,0.0,0.0,0.0,4.0,0.0,0.0,0.0
698,话题,1.0,1.0,0.0,0.0,0.0,2.0,0.0
699,第,3.0,0.0,1.0,0.0,0.0,6.0,0.0
700,惊讶,2.0,0.0,0.0,0.0,0.0,0.0,0.0
701,年前,4.0,0.0,0.0,0.0,1.0,0.0,1.0
702,车,0.0,0.0,0.0,10.0,0.0,0.0,0.0
703,感到高兴,0.0,0.0,4.0,0.0,0.0,0.0,0.0
704,市场经济,3.0,0.0,0.0,0.0,0.0,0.0,0.0
705,最好,5.0,0.0,0.0,0.0,0.0,0.0,0.0
706,突破,2.0,0.0,0.0,0.0,0.0,0.0,0.0
707,日元,5.0,0.0,0.0,0.0,0.0,0.0,0.0
708,今天,1.0,0.0,1.0,4.0,0.0,0.0,0.0
709,中外,0.0,0.0,3.0,0.0,0.0,0.0,0.0
710,认证,0.0,0.0,0.0,0.0,15.0,0.0,0.0
711,澳元,0.0,0.0,2.0,0.0,0.0,0.0,0.0
712,前任,1.0,2.0,0.0,0.0,0.0,0.0,0.0
713,参加,2.0,1.0,0.0,0.0,0.0,0.0,1.0
714,以色列,0.0,2.0,0.0,0.0,0.0,0.0,0.0
715,口袋妖怪,5.0,0.0,0.0,0.0,0.0,0.0,0.0
716,冯大辉,0.0,0.0,0.0,0.0,2.0,0.0,0.0
717,生活,5.0,0.0,0.0,0.0,0.0,0.0,0.0
718,对方,0.0,0.0,0.0,2.0,0.0,0.0,0.0
719,上市,6.0,0.0,0.0,0.0,0.0,0.0,0.0
720,一部分,3.0,0.0,0.0,0.0,0.0,0.0,0.0
721,准确,2.0,0.0,0.0,0.0,0.0,1.0,0.0
722,打磨,0.0,0.0,2.0,0.0,0.0,0.0,0.0
723,总理,3.0,0.0,2.0,0.0,0.0,0.0,0.0
724,还是,2.0,0.0,0.0,3.0,1.0,0.0,0.0
725,上帝,0.0,0.0,0.0,3.0,0.0,0.0,0.0
726,一起,2.0,0.0,0.0,0.0,0.0,1.0,0.0
727,担任,1.0,2.0,0.0,0.0,0.0,0.0,0.0
728,看到,6.0,1.0,0.0,5.0,0.0,1.0,0.0
729,一,9.0,1.0,1.0,7.0,2.0,0.0,0.0
730,头痛,0.0,0.0,0.0,3.0,0.0,0.0,0.0
731,警报,0.0,0.0,0.0,2.0,0.0,0.0,0.0
732,期,0.0,0.0,0.0,0.0,0.0,6.0,0.0
733,其,23.0,1.0,0.0,0.0,2.0,2.0,0.0
734,共,0.0,2.0,2.0,0.0,0.0,0.0,0.0
735,关,0.0,0.0,3.0,0.0,0.0,0.0,0.0
736,架飞机,2.0,0.0,0.0,0.0,0.0,0.0,0.0
737,代价,2.0,0.0,0.0,0.0,0.0,0.0,0.0
738,图片,1.0,0.0,0.0,113.0,3.0,2.0,0.0
739,采取,2.0,0.0,0.0,0.0,0.0,0.0,0.0
740,此前,2.0,0.0,1.0,0.0,1.0,0.0,0.0
741,随后,3.0,0.0,0.0,0.0,0.0,0.0,0.0
742,由于,3.0,1.0,0.0,0.0,0.0,0.0,0.0
743,纽约,5.0,0.0,0.0,0.0,0.0,0.0,0.0
744,这是,7.0,0.0,0.0,0.0,2.0,0.0,0.0
745,政界人士,2.0,0.0,0.0,0.0,0.0,0.0,0.0
746,最近,0.0,0.0,0.0,0.0,1.0,2.0,0.0
747,椅,0.0,2.0,0.0,0.0,0.0,0.0,0.0
748,火车站,0.0,2.0,0.0,0.0,0.0,0.0,0.0
749,毕业,0.0,0.0,0.0,3.0,0.0,0.0,0.0
750,新增,2.0,0.0,0.0,0.0,0.0,0.0,0.0
751,插座,2.0,0.0,0.0,0.0,0.0,0.0,0.0
752,之际,6.0,0.0,0.0,0.0,0.0,0.0,0.0
753,缅甸,5.0,0.0,1.0,0.0,0.0,0.0,0.0
754,相对,2.0,0.0,0.0,0.0,0.0,0.0,0.0
755,塞尔维亚,0.0,0.0,2.0,0.0,0.0,0.0,0.0
756,做梦,0.0,0.0,0.0,2.0,0.0,0.0,0.0
757,搬家,2.0,0.0,0.0,0.0,0.0,0.0,0.0
758,百度,0.0,0.0,0.0,0.0,4.0,0.0,0.0
759,冷笑,0.0,0.0,0.0,3.0,0.0,0.0,0.0
760,自主,0.0,0.0,0.0,0.0,0.0,2.0,0.0
761,如果,4.0,0.0,0.0,21.0,0.0,1.0,0.0
762,较,5.0,0.0,0.0,0.0,0.0,0.0,0.0
763,基本,1.0,0.0,4.0,2.0,0.0,1.0,0.0
764,哪,0.0,0.0,0.0,3.0,0.0,0.0,0.0
765,活动,2.0,0.0,1.0,0.0,0.0,0.0,0.0
766,朋友,2.0,0.0,0.0,2.0,0.0,1.0,5.0
767,乔治,5.0,0.0,0.0,0.0,0.0,0.0,0.0
768,达,4.0,1.0,0.0,0.0,0.0,0.0,0.0
769,华为,3.0,0.0,0.0,0.0,0.0,0.0,0.0
770,上个月,3.0,0.0,0.0,0.0,0.0,0.0,0.0
771,对此,3.0,0.0,4.0,0.0,0.0,1.0,0.0
772,放缓,10.0,0.0,0.0,0.0,0.0,0.0,0.0
773,近期,5.0,0.0,0.0,0.0,0.0,0.0,0.0
774,塑料,0.0,0.0,0.0,3.0,0.0,0.0,0.0
775,台湾,2.0,0.0,0.0,0.0,0.0,0.0,0.0
776,移民,0.0,0.0,8.0,0.0,0.0,0.0,0.0
777,梦想,1.0,0.0,0.0,0.0,3.0,0.0,0.0
778,行动,2.0,0.0,3.0,0.0,0.0,0.0,0.0
779,综合,2.0,0.0,1.0,0.0,0.0,0.0,0.0
780,品牌,2.0,0.0,0.0,0.0,0.0,0.0,0.0
781,回应,2.0,0.0,0.0,0.0,2.0,0.0,0.0
782,能够,2.0,0.0,0.0,0.0,0.0,0.0,0.0
783,下载,0.0,0.0,0.0,20.0,0.0,0.0,0.0
784,黑人,3.0,0.0,0.0,0.0,0.0,0.0,0.0
785,接电话,0.0,0.0,0.0,3.0,0.0,0.0,0.0
786,塔瓦,2.0,0.0,0.0,0.0,0.0,0.0,0.0
787,失败,3.0,0.0,0.0,0.0,0.0,0.0,0.0
788,参与者,3.0,0.0,0.0,0.0,0.0,0.0,0.0
789,人群,3.0,0.0,0.0,0.0,0.0,0.0,0.0
790,要价,2.0,0.0,0.0,0.0,0.0,0.0,0.0
791,反对,3.0,0.0,3.0,0.0,0.0,0.0,0.0
792,股票代码,2.0,0.0,0.0,0.0,0.0,0.0,0.0
793,徐才厚,0.0,0.0,0.0,0.0,0.0,2.0,0.0
794,奇闻,0.0,0.0,0.0,90.0,0.0,0.0,0.0
795,戴维,7.0,0.0,0.0,0.0,0.0,0.0,0.0
796,暴跌,2.0,0.0,0.0,0.0,0.0,0.0,0.0
797,着,7.0,0.0,1.0,8.0,0.0,2.0,1.0
798,贸易,11.0,0.0,1.0,0.0,0.0,0.0,0.0
799,该国,5.0,0.0,0.0,0.0,0.0,0.0,0.0
800,商品,3.0,0.0,0.0,0.0,0.0,0.0,0.0
801,富,1.0,0.0,0.0,3.0,0.0,0.0,0.0
802,阿,0.0,0.0,2.0,0.0,0.0,0.0,0.0
803,成立,2.0,0.0,0.0,0.0,0.0,0.0,0.0
804,家里,0.0,0.0,0.0,3.0,0.0,0.0,0.0
805,中融,2.0,0.0,0.0,0.0,0.0,0.0,0.0
806,精英,4.0,0.0,0.0,0.0,0.0,0.0,0.0
807,奔驰,0.0,0.0,0.0,2.0,0.0,0.0,0.0
808,知道,2.0,0.0,0.0,1.0,1.0,0.0,1.0
809,一群,5.0,0.0,0.0,0.0,0.0,0.0,0.0
810,哈利波,0.0,0.0,0.0,0.0,2.0,0.0,0.0
811,撰稿,17.0,0.0,0.0,0.0,0.0,0.0,0.0
812,留欧,2.0,0.0,0.0,0.0,0.0,0.0,0.0
813,地位,4.0,0.0,0.0,0.0,0.0,0.0,0.0
814,一定,2.0,1.0,0.0,5.0,0.0,0.0,0.0
815,面对,2.0,0.0,0.0,0.0,1.0,0.0,0.0
816,地震,0.0,0.0,0.0,0.0,0.0,0.0,2.0
817,姑娘,0.0,0.0,0.0,6.0,0.0,0.0,0.0
818,程度,2.0,0.0,0.0,0.0,0.0,2.0,0.0
819,达拉斯,7.0,0.0,0.0,0.0,0.0,0.0,0.0
820,信用,0.0,0.0,3.0,0.0,1.0,0.0,0.0
821,一家,7.0,0.0,1.0,0.0,0.0,0.0,0.0
822,位于,4.0,0.0,0.0,0.0,0.0,0.0,0.0
823,银行业,2.0,0.0,0.0,0.0,0.0,0.0,0.0
824,迸发,0.0,0.0,2.0,0.0,0.0,0.0,0.0
825,美元,4.0,1.0,0.0,0.0,0.0,0.0,0.0
826,块钱,0.0,0.0,0.0,3.0,0.0,0.0,0.0
827,距离,1.0,0.0,0.0,0.0,0.0,3.0,0.0
828,人员伤亡,0.0,0.0,2.0,0.0,0.0,0.0,0.0
829,钜,2.0,0.0,0.0,0.0,0.0,0.0,0.0
830,机会,5.0,0.0,0.0,0.0,0.0,0.0,0.0
831,中方,0.0,0.0,9.0,0.0,0.0,0.0,0.0
832,链接,0.0,0.0,0.0,0.0,15.0,0.0,0.0
833,艘,2.0,0.0,0.0,0.0,0.0,0.0,0.0
834,高端,0.0,0.0,2.0,0.0,0.0,0.0,0.0
835,发言,0.0,0.0,2.0,0.0,0.0,0.0,0.0
836,怪事,0.0,0.0,0.0,90.0,0.0,0.0,0.0
837,岁,4.0,6.0,0.0,1.0,0.0,0.0,0.0
838,风险,2.0,0.0,0.0,0.0,0.0,0.0,0.0
839,最大,8.0,1.0,0.0,0.0,0.0,0.0,0.0
840,英美,2.0,0.0,0.0,0.0,0.0,0.0,0.0
841,阿瑟,2.0,0.0,0.0,0.0,0.0,0.0,0.0
842,中奖,0.0,0.0,0.0,3.0,0.0,0.0,0.0
843,老师,0.0,0.0,0.0,3.0,0.0,0.0,0.0
844,两个,3.0,0.0,0.0,2.0,1.0,0.0,0.0
845,令人,3.0,0.0,0.0,0.0,0.0,0.0,0.0
846,一间,0.0,0.0,2.0,0.0,0.0,0.0,0.0
847,有何,1.0,0.0,2.0,0.0,0.0,0.0,0.0
848,供应,2.0,0.0,0.0,0.0,0.0,0.0,0.0
849,提示,0.0,0.0,0.0,0.0,0.0,3.0,0.0
850,无,0.0,1.0,2.0,0.0,0.0,0.0,0.0
851,升级,4.0,0.0,0.0,0.0,0.0,1.0,0.0
852,么,0.0,0.0,0.0,4.0,0.0,0.0,0.0
853,戴,2.0,0.0,0.0,0.0,0.0,0.0,0.0
854,时,11.0,3.0,4.0,0.0,0.0,0.0,0.0
855,工业,3.0,0.0,0.0,0.0,0.0,0.0,0.0
856,评级,0.0,0.0,6.0,0.0,0.0,0.0,0.0
857,昨天,1.0,0.0,0.0,2.0,0.0,0.0,0.0
858,外交官,2.0,0.0,0.0,0.0,0.0,0.0,0.0
859,杀死,2.0,0.0,0.0,0.0,0.0,0.0,0.0
860,小朋友,0.0,0.0,0.0,3.0,0.0,0.0,0.0
861,要闻,0.0,0.0,2.0,0.0,0.0,0.0,0.0
862,米强,3.0,0.0,0.0,0.0,0.0,0.0,0.0
863,不少,0.0,0.0,0.0,0.0,0.0,0.0,3.0
864,首都,1.0,0.0,2.0,0.0,0.0,0.0,0.0
865,未来,2.0,0.0,0.0,0.0,4.0,0.0,0.0
866,访问,3.0,0.0,0.0,0.0,0.0,0.0,0.0
867,在国,2.0,0.0,0.0,0.0,0.0,0.0,0.0
868,自,5.0,0.0,1.0,0.0,0.0,0.0,0.0
869,纤维,0.0,4.0,0.0,0.0,0.0,0.0,0.0
870,电视台,1.0,0.0,2.0,0.0,0.0,0.0,0.0
871,举办,4.0,0.0,0.0,0.0,0.0,1.0,0.0
872,信号,0.0,0.0,0.0,0.0,15.0,0.0,0.0
873,女人,0.0,0.0,0.0,3.0,0.0,0.0,0.0
874,安,7.0,0.0,3.0,0.0,0.0,0.0,0.0
875,该案,2.0,0.0,0.0,0.0,0.0,0.0,0.0
876,一批,2.0,0.0,0.0,0.0,0.0,0.0,0.0
877,大楼,0.0,0.0,7.0,0.0,0.0,0.0,0.0
878,不仅,2.0,0.0,0.0,0.0,0.0,0.0,0.0
879,涌入,3.0,0.0,0.0,0.0,0.0,0.0,0.0
880,制造商,4.0,0.0,0.0,0.0,0.0,0.0,0.0
881,克什米尔地区,0.0,0.0,3.0,0.0,0.0,0.0,0.0
882,此次,3.0,0.0,0.0,0.0,0.0,0.0,0.0
883,丑闻,2.0,0.0,0.0,0.0,0.0,0.0,0.0
884,充电,0.0,2.0,0.0,0.0,0.0,0.0,0.0
885,互联网,4.0,0.0,0.0,0.0,1.0,0.0,0.0
886,小城,0.0,2.0,0.0,0.0,0.0,0.0,0.0
887,塔伊,4.0,0.0,0.0,0.0,0.0,0.0,0.0
888,一些,6.0,0.0,1.0,0.0,2.0,1.0,4.0
889,人家,0.0,0.0,0.0,3.0,0.0,0.0,0.0
890,近,0.0,0.0,3.0,0.0,2.0,1.0,0.0
891,下令,0.0,0.0,3.0,0.0,0.0,0.0,0.0
892,汪星,0.0,0.0,0.0,3.0,0.0,0.0,0.0
893,进,0.0,0.0,1.0,4.0,0.0,0.0,0.0
894,这,25.0,1.0,0.0,25.0,3.0,1.0,0.0
895,过,3.0,1.0,0.0,3.0,0.0,0.0,0.0
896,性骚扰,2.0,0.0,0.0,0.0,0.0,0.0,0.0
897,不会,4.0,0.0,0.0,1.0,0.0,0.0,0.0
898,英国首相,4.0,0.0,0.0,0.0,0.0,0.0,0.0
899,根据,4.0,1.0,0.0,0.0,0.0,0.0,2.0
900,政府,9.0,0.0,5.0,0.0,0.0,5.0,0.0
901,增长率,2.0,0.0,0.0,0.0,0.0,0.0,0.0
902,知情,3.0,0.0,0.0,0.0,0.0,0.0,0.0
903,银行家,3.0,0.0,0.0,0.0,0.0,0.0,0.0
904,媒体,6.0,3.0,2.0,0.0,0.0,0.0,1.0
905,对话,0.0,0.0,0.0,3.0,0.0,0.0,0.0
906,欣泰,2.0,0.0,0.0,0.0,0.0,0.0,0.0
907,物料,0.0,2.0,0.0,0.0,0.0,0.0,0.0
908,辩论,5.0,0.0,0.0,0.0,0.0,0.0,0.0
909,点,4.0,0.0,0.0,0.0,0.0,0.0,0.0
910,街头,2.0,0.0,0.0,0.0,0.0,0.0,0.0
911,因为,5.0,0.0,0.0,0.0,1.0,0.0,1.0
912,深夜,0.0,0.0,0.0,0.0,2.0,0.0,0.0
913,能量,0.0,0.0,2.0,0.0,0.0,0.0,0.0
914,英国,77.0,4.0,0.0,0.0,0.0,0.0,0.0
915,新闻联播,0.0,0.0,2.0,0.0,0.0,0.0,0.0
916,巨头,3.0,0.0,0.0,3.0,0.0,0.0,0.0
917,交易,5.0,0.0,0.0,0.0,1.0,0.0,0.0
918,小鱼儿,0.0,0.0,0.0,20.0,0.0,0.0,0.0
919,贸易战,2.0,0.0,0.0,0.0,0.0,0.0,0.0
920,客机,4.0,0.0,0.0,0.0,0.0,0.0,0.0
921,张炜,3.0,0.0,0.0,0.0,0.0,0.0,0.0
922,重要,8.0,0.0,4.0,0.0,1.0,0.0,0.0
923,魅力,2.0,0.0,0.0,0.0,0.0,0.0,0.0
924,报道,51.0,0.0,17.0,0.0,2.0,0.0,0.0
925,引发,6.0,0.0,0.0,0.0,0.0,0.0,0.0
926,科学,0.0,0.0,0.0,0.0,0.0,2.0,0.0
927,发展,12.0,0.0,5.0,0.0,0.0,2.0,0.0
928,哐,0.0,0.0,0.0,24.0,0.0,0.0,0.0
929,谴责,1.0,0.0,2.0,0.0,0.0,0.0,0.0
930,顾客,1.0,2.0,0.0,0.0,0.0,0.0,0.0
931,领袖,2.0,0.0,0.0,0.0,0.0,0.0,0.0
932,小时,2.0,0.0,1.0,1.0,0.0,0.0,0.0
933,最佳,0.0,2.0,0.0,0.0,0.0,0.0,0.0
934,毛毛虫,0.0,2.0,0.0,0.0,0.0,0.0,0.0
935,战略伙伴,0.0,0.0,2.0,0.0,0.0,0.0,0.0
936,手机,1.0,5.0,0.0,8.0,1.0,0.0,0.0
937,警戒,0.0,0.0,2.0,0.0,0.0,0.0,0.0
938,进行,5.0,0.0,6.0,0.0,0.0,0.0,0.0
939,谈判,5.0,0.0,1.0,0.0,0.0,0.0,0.0
940,像,6.0,0.0,0.0,0.0,0.0,1.0,0.0
941,举行会谈,0.0,0.0,2.0,0.0,0.0,0.0,0.0
942,爱范儿,0.0,0.0,0.0,0.0,30.0,0.0,0.0
943,规划,2.0,0.0,0.0,0.0,0.0,0.0,0.0
944,声明,3.0,0.0,0.0,0.0,0.0,0.0,0.0
945,成人,0.0,0.0,0.0,6.0,0.0,0.0,0.0
946,重建,2.0,0.0,0.0,0.0,0.0,0.0,0.0
947,不差,0.0,0.0,0.0,2.0,0.0,0.0,0.0
948,无法,3.0,0.0,0.0,20.0,0.0,0.0,0.0
949,什么,5.0,0.0,0.0,13.0,2.0,0.0,0.0
950,正式,2.0,0.0,0.0,0.0,0.0,1.0,0.0
951,撞入,2.0,0.0,0.0,0.0,0.0,0.0,0.0
952,公告,2.0,0.0,0.0,0.0,0.0,0.0,0.0
953,大桥,2.0,0.0,0.0,0.0,0.0,0.0,0.0
954,爸爸,0.0,0.0,0.0,7.0,0.0,0.0,0.0
955,信用风险,0.0,0.0,3.0,0.0,0.0,0.0,0.0
956,目的地,2.0,0.0,0.0,0.0,0.0,0.0,0.0
957,建设,2.0,0.0,0.0,0.0,0.0,1.0,0.0
958,过去,7.0,0.0,0.0,1.0,0.0,0.0,0.0
959,各地,0.0,1.0,0.0,0.0,0.0,2.0,0.0
960,瓜,0.0,0.0,0.0,2.0,0.0,0.0,0.0
961,高度,2.0,0.0,0.0,3.0,0.0,0.0,0.0
962,展望,0.0,0.0,2.0,0.0,0.0,0.0,0.0
963,原则,5.0,0.0,0.0,0.0,0.0,0.0,0.0
964,坦克,2.0,0.0,0.0,0.0,0.0,0.0,0.0
965,测试,0.0,1.0,0.0,0.0,0.0,2.0,0.0
966,瞩目,2.0,0.0,0.0,0.0,0.0,0.0,0.0
967,出售,2.0,0.0,0.0,0.0,0.0,0.0,0.0
968,解除,0.0,0.0,3.0,0.0,0.0,0.0,0.0
969,伊斯兰,3.0,0.0,0.0,0.0,0.0,0.0,0.0
970,近来,2.0,0.0,0.0,0.0,0.0,0.0,0.0
971,全球,12.0,1.0,4.0,0.0,0.0,0.0,0.0
972,高考,0.0,0.0,0.0,0.0,0.0,4.0,0.0
973,想象,2.0,0.0,0.0,0.0,0.0,0.0,0.0
974,展开,2.0,0.0,1.0,0.0,0.0,0.0,0.0
975,水,0.0,0.0,0.0,3.0,0.0,0.0,0.0
976,决心,0.0,0.0,0.0,0.0,0.0,3.0,0.0
977,中央社,0.0,0.0,2.0,0.0,0.0,0.0,0.0
978,意外,2.0,0.0,0.0,0.0,0.0,0.0,0.0
979,私人,3.0,0.0,0.0,0.0,0.0,0.0,0.0
980,竞选,2.0,0.0,1.0,0.0,0.0,0.0,0.0
981,匈牙利,0.0,0.0,7.0,0.0,0.0,0.0,0.0
982,但是,3.0,0.0,0.0,1.0,3.0,0.0,0.0
983,随着,2.0,0.0,0.0,0.0,0.0,0.0,0.0
984,分类,0.0,0.0,0.0,130.0,0.0,0.0,0.0
985,相关,4.0,2.0,2.0,0.0,0.0,0.0,0.0
986,小区,0.0,0.0,0.0,4.0,0.0,0.0,0.0
987,金融市场,4.0,0.0,0.0,0.0,0.0,0.0,0.0
988,不怎么,0.0,0.0,0.0,3.0,0.0,0.0,0.0
989,懂,0.0,2.0,0.0,1.0,0.0,0.0,0.0
990,看不见,0.0,0.0,0.0,3.0,0.0,0.0,0.0
991,白皮书,0.0,0.0,0.0,0.0,0.0,2.0,0.0
992,做好,3.0,0.0,0.0,0.0,0.0,0.0,0.0
993,每天,0.0,3.0,0.0,0.0,0.0,0.0,0.0
994,再次,3.0,0.0,0.0,0.0,0.0,0.0,0.0
995,变化,2.0,0.0,0.0,0.0,1.0,1.0,0.0
996,指甲,0.0,0.0,0.0,3.0,0.0,0.0,0.0
997,观看,0.0,0.0,0.0,20.0,0.0,0.0,0.0
998,驾驶,2.0,0.0,0.0,0.0,0.0,0.0,0.0
999,激进,3.0,0.0,0.0,0.0,0.0,0.0,0.0
1000,检验,1.0,0.0,0.0,0.0,0.0,2.0,0.0
1001,签订,4.0,0.0,0.0,0.0,0.0,0.0,0.0
1002,收到,0.0,0.0,2.0,0.0,0.0,0.0,1.0
1003,逛街,0.0,0.0,0.0,3.0,0.0,0.0,0.0
1004,访,0.0,0.0,2.0,0.0,0.0,0.0,0.0
1005,事发,2.0,0.0,2.0,0.0,0.0,0.0,0.0
1006,报告,3.0,0.0,1.0,0.0,0.0,1.0,0.0
1007,感到,4.0,1.0,2.0,0.0,0.0,0.0,0.0
1008,同比,4.0,0.0,0.0,0.0,0.0,0.0,0.0
1009,布朗,2.0,0.0,0.0,0.0,0.0,0.0,0.0
1010,姿势,0.0,0.0,0.0,3.0,0.0,0.0,0.0
1011,居,2.0,0.0,0.0,0.0,0.0,0.0,0.0
1012,常态,3.0,0.0,0.0,0.0,0.0,0.0,0.0
1013,一看,0.0,0.0,0.0,7.0,0.0,0.0,0.0
1014,谁,2.0,0.0,0.0,7.0,1.0,1.0,0.0
1015,清风,0.0,0.0,2.0,0.0,0.0,0.0,0.0
1016,东盟,2.0,0.0,0.0,0.0,0.0,0.0,0.0
1017,依赖,3.0,1.0,1.0,0.0,0.0,1.0,0.0
1018,芮,0.0,0.0,0.0,0.0,0.0,3.0,0.0
1019,不是,3.0,0.0,0.0,0.0,4.0,1.0,0.0
1020,马来西亚,0.0,0.0,0.0,0.0,0.0,3.0,0.0
1021,天津大学,0.0,0.0,0.0,0.0,0.0,2.0,0.0
1022,绩效,2.0,0.0,0.0,0.0,0.0,0.0,0.0
1023,雷军,2.0,0.0,0.0,0.0,0.0,0.0,0.0
1024,中文网,17.0,0.0,0.0,0.0,0.0,0.0,0.0
1025,提出,5.0,0.0,0.0,0.0,0.0,1.0,0.0
1026,醉人,0.0,0.0,0.0,3.0,0.0,0.0,0.0
1027,专访,0.0,0.0,3.0,0.0,0.0,0.0,0.0
1028,军人,2.0,0.0,6.0,0.0,0.0,1.0,0.0
1029,国庆日,4.0,0.0,0.0,0.0,0.0,0.0,0.0
1030,从来,2.0,0.0,0.0,0.0,0.0,0.0,0.0
1031,法治,0.0,0.0,0.0,0.0,0.0,4.0,0.0
1032,嘛,0.0,0.0,0.0,6.0,0.0,0.0,0.0
1033,协商,1.0,0.0,0.0,2.0,0.0,0.0,0.0
1034,对冲,6.0,0.0,0.0,0.0,0.0,0.0,0.0
1035,副,3.0,0.0,0.0,0.0,0.0,0.0,0.0
1036,唱,0.0,0.0,0.0,2.0,0.0,0.0,0.0
1037,谁造,0.0,0.0,0.0,3.0,0.0,0.0,0.0
1038,小爪,0.0,0.0,0.0,3.0,0.0,0.0,0.0
1039,居然,0.0,0.0,0.0,3.0,0.0,0.0,0.0
1040,文章,2.0,0.0,0.0,0.0,0.0,0.0,0.0
1041,西班牙,2.0,0.0,0.0,0.0,0.0,0.0,0.0
1042,肃清,0.0,0.0,2.0,0.0,0.0,0.0,0.0
1043,周日,5.0,0.0,0.0,0.0,0.0,0.0,0.0
1044,事物,2.0,0.0,0.0,0.0,0.0,0.0,0.0
1045,鸭梨,0.0,0.0,0.0,3.0,0.0,0.0,0.0
1046,唐,2.0,0.0,0.0,0.0,0.0,0.0,0.0
1047,中学生,0.0,2.0,0.0,0.0,0.0,0.0,0.0
1048,月底,2.0,0.0,0.0,0.0,0.0,0.0,0.0
1049,月份,4.0,0.0,0.0,0.0,0.0,0.0,0.0
1050,安妮,3.0,2.0,0.0,0.0,0.0,0.0,0.0
1051,住手,0.0,0.0,0.0,3.0,0.0,0.0,0.0
1052,子公司,4.0,0.0,0.0,0.0,0.0,0.0,0.0
1053,儿童,0.0,0.0,0.0,3.0,0.0,0.0,0.0
1054,在线,0.0,0.0,0.0,20.0,0.0,0.0,0.0
1055,联网,2.0,0.0,0.0,0.0,7.0,0.0,0.0
1056,主席,2.0,0.0,0.0,0.0,0.0,0.0,0.0
1057,吸引,3.0,1.0,0.0,0.0,0.0,0.0,0.0
1058,扩张,2.0,0.0,0.0,0.0,0.0,0.0,0.0
1059,市场,23.0,0.0,2.0,0.0,1.0,3.0,0.0
1060,段子,0.0,0.0,0.0,2.0,0.0,0.0,0.0
1061,于是,0.0,0.0,0.0,3.0,0.0,0.0,1.0
1062,呢,0.0,0.0,0.0,11.0,3.0,0.0,0.0
1063,如何,6.0,0.0,0.0,1.0,0.0,0.0,1.0
1064,明显,5.0,0.0,0.0,0.0,0.0,0.0,0.0
1065,时代,2.0,0.0,0.0,0.0,3.0,0.0,0.0
1066,动物图片,0.0,0.0,0.0,42.0,0.0,0.0,0.0
1067,现实,3.0,0.0,0.0,0.0,0.0,0.0,0.0
1068,退出,5.0,0.0,0.0,0.0,0.0,2.0,0.0
1069,开台,0.0,0.0,0.0,2.0,0.0,0.0,0.0
1070,一份,2.0,0.0,1.0,0.0,0.0,0.0,0.0
1071,全文,0.0,0.0,0.0,0.0,0.0,20.0,0.0
1072,上海,6.0,0.0,0.0,0.0,0.0,0.0,0.0
1073,创业,3.0,0.0,0.0,0.0,0.0,0.0,0.0
1074,控制,4.0,0.0,2.0,0.0,0.0,0.0,0.0
1075,空域,1.0,0.0,3.0,0.0,0.0,0.0,0.0
1076,斯汀,0.0,2.0,0.0,0.0,0.0,0.0,0.0
1077,微,0.0,0.0,0.0,0.0,15.0,1.0,0.0
1078,开发,2.0,0.0,0.0,0.0,0.0,0.0,0.0
1079,表态,3.0,0.0,0.0,0.0,0.0,0.0,0.0
1080,各种,2.0,0.0,0.0,0.0,0.0,0.0,0.0
1081,水下,0.0,0.0,0.0,0.0,0.0,4.0,0.0
1082,唐南,4.0,0.0,0.0,0.0,0.0,0.0,0.0
1083,莫斯科,0.0,0.0,1.0,0.0,0.0,5.0,0.0
1084,首位,0.0,2.0,0.0,0.0,0.0,0.0,0.0
1085,表示,22.0,1.0,16.0,0.0,2.0,1.0,0.0
1086,公民,3.0,0.0,6.0,0.0,0.0,0.0,0.0
1087,巴顿,2.0,0.0,0.0,0.0,0.0,0.0,0.0
1088,房产,3.0,0.0,0.0,0.0,0.0,0.0,0.0
1089,投入,2.0,0.0,0.0,0.0,0.0,0.0,0.0
1090,相互,0.0,0.0,0.0,0.0,0.0,2.0,0.0
1091,由,4.0,0.0,0.0,0.0,0.0,3.0,0.0
1092,懵,0.0,0.0,0.0,3.0,0.0,0.0,0.0
1093,得,3.0,0.0,0.0,1.0,0.0,1.0,0.0
1094,给,8.0,1.0,0.0,8.0,1.0,0.0,0.0
1095,教授,2.0,1.0,0.0,0.0,1.0,0.0,0.0
1096,亟待,0.0,0.0,2.0,0.0,0.0,0.0,0.0
1097,苹果,2.0,0.0,0.0,6.0,0.0,0.0,0.0
1098,世纪,3.0,1.0,0.0,0.0,0.0,1.0,0.0
1099,难以,3.0,0.0,0.0,0.0,0.0,0.0,0.0
1100,标志,1.0,0.0,0.0,0.0,0.0,2.0,0.0
1101,德,2.0,0.0,0.0,0.0,0.0,0.0,0.0
1102,伦敦,13.0,0.0,0.0,0.0,0.0,0.0,0.0
1103,知识,0.0,0.0,0.0,3.0,0.0,0.0,0.0
1104,每个,1.0,0.0,0.0,0.0,2.0,0.0,0.0
1105,引起,2.0,0.0,0.0,0.0,0.0,0.0,0.0
1106,为什么,2.0,0.0,0.0,0.0,0.0,0.0,0.0
1107,逮捕,4.0,0.0,3.0,0.0,0.0,0.0,0.0
1108,发布公告,2.0,0.0,0.0,0.0,0.0,0.0,0.0
1109,查尔斯,2.0,0.0,0.0,0.0,0.0,0.0,0.0
1110,当下,2.0,0.0,0.0,0.0,0.0,0.0,0.0
1111,华盛顿,8.0,0.0,0.0,0.0,0.0,1.0,0.0
1112,命令,0.0,0.0,3.0,0.0,0.0,0.0,0.0
1113,如此,1.0,1.0,0.0,0.0,1.0,2.0,0.0
1114,就要,2.0,0.0,0.0,2.0,2.0,0.0,0.0
1115,法院,5.0,1.0,1.0,0.0,0.0,0.0,0.0
1116,意大利,1.0,2.0,0.0,0.0,0.0,0.0,0.0
1117,股权,5.0,0.0,0.0,0.0,0.0,0.0,0.0
1118,小米,3.0,0.0,0.0,0.0,0.0,0.0,0.0
1119,夫妇,0.0,2.0,0.0,0.0,0.0,0.0,0.0
1120,豪赌,3.0,0.0,0.0,0.0,0.0,0.0,0.0
1121,法律依据,2.0,0.0,0.0,0.0,0.0,0.0,0.0
1122,小车,0.0,0.0,0.0,3.0,0.0,0.0,0.0
1123,劫匪,0.0,0.0,0.0,3.0,0.0,0.0,0.0
1124,象征,2.0,0.0,0.0,0.0,0.0,0.0,0.0
1125,呼吁,6.0,0.0,0.0,0.0,0.0,0.0,0.0
1126,威尼斯,5.0,0.0,0.0,0.0,0.0,0.0,0.0
1127,第二位,2.0,0.0,0.0,0.0,0.0,0.0,0.0
1128,设计师,2.0,0.0,0.0,0.0,0.0,0.0,0.0
1129,实践,0.0,0.0,0.0,0.0,0.0,2.0,0.0
1130,浴缸,0.0,2.0,0.0,0.0,0.0,0.0,0.0
1131,作为,9.0,1.0,1.0,1.0,0.0,1.0,1.0
1132,夫妻,0.0,2.0,0.0,0.0,0.0,0.0,0.0
1133,伊,2.0,0.0,0.0,0.0,0.0,0.0,0.0
1134,胜出,2.0,0.0,0.0,0.0,0.0,0.0,0.0
1135,最终,4.0,0.0,2.0,0.0,0.0,0.0,0.0
1136,尚,2.0,0.0,1.0,0.0,0.0,0.0,0.0
1137,增加,1.0,0.0,3.0,0.0,0.0,1.0,0.0
1138,尔,2.0,0.0,0.0,0.0,0.0,0.0,0.0
1139,拦截,3.0,0.0,0.0,0.0,0.0,0.0,0.0
1140,公众,1.0,0.0,0.0,0.0,15.0,1.0,0.0
1141,小,1.0,1.0,0.0,9.0,0.0,0.0,0.0
1142,静物,0.0,0.0,0.0,3.0,0.0,0.0,0.0
1143,妥善处理,0.0,0.0,3.0,0.0,0.0,0.0,0.0
1144,吸尘器,0.0,0.0,0.0,3.0,0.0,0.0,0.0
1145,英,2.0,3.0,0.0,0.0,0.0,0.0,0.0
1146,之间,3.0,0.0,0.0,0.0,0.0,0.0,0.0
1147,袖套,0.0,0.0,0.0,3.0,0.0,0.0,0.0
1148,若,2.0,0.0,0.0,0.0,1.0,0.0,0.0
1149,愤怒,2.0,0.0,0.0,0.0,0.0,0.0,0.0
1150,欢迎,0.0,0.0,0.0,0.0,15.0,0.0,0.0
1151,约,2.0,1.0,2.0,0.0,0.0,0.0,0.0
1152,表情,0.0,0.0,0.0,3.0,0.0,0.0,0.0
1153,未遂政变,2.0,0.0,0.0,0.0,0.0,0.0,0.0
1154,杂音,0.0,0.0,2.0,0.0,0.0,0.0,0.0
1155,得到,2.0,0.0,3.0,0.0,0.0,0.0,0.0
1156,线,3.0,0.0,0.0,0.0,0.0,0.0,0.0
1157,三分之二,2.0,0.0,0.0,0.0,0.0,0.0,0.0
1158,愿,0.0,1.0,2.0,0.0,0.0,0.0,0.0
1159,困局,2.0,0.0,0.0,0.0,0.0,0.0,0.0
1160,遭遇,2.0,0.0,4.0,0.0,0.0,0.0,0.0
1161,星球大战,0.0,0.0,0.0,0.0,2.0,0.0,0.0
1162,投稿,0.0,0.0,0.0,110.0,0.0,0.0,0.0
1163,备胎,0.0,0.0,0.0,2.0,0.0,0.0,0.0
1164,浦江,2.0,0.0,0.0,0.0,0.0,0.0,0.0
1165,导演,0.0,0.0,0.0,0.0,0.0,0.0,2.0
1166,否定,2.0,0.0,0.0,0.0,0.0,0.0,0.0
1167,退欧,17.0,0.0,0.0,0.0,0.0,0.0,0.0
1168,哭,0.0,0.0,0.0,3.0,0.0,0.0,0.0
1169,研究,5.0,0.0,0.0,0.0,0.0,0.0,0.0
1170,爆炸,0.0,0.0,2.0,0.0,0.0,0.0,0.0
1171,骑马,0.0,0.0,0.0,2.0,0.0,0.0,0.0
1172,特征,0.0,0.0,0.0,3.0,0.0,0.0,0.0
1173,渔船,2.0,0.0,0.0,0.0,0.0,0.0,0.0
1174,两只,0.0,0.0,0.0,3.0,0.0,0.0,0.0
1175,蒂姆,3.0,0.0,0.0,0.0,0.0,0.0,0.0
1176,四大,0.0,0.0,0.0,3.0,0.0,0.0,0.0
1177,跳槽,2.0,0.0,0.0,0.0,0.0,0.0,0.0
1178,预计,2.0,0.0,0.0,0.0,1.0,0.0,0.0
1179,缆索,2.0,0.0,0.0,0.0,0.0,0.0,0.0
1180,缺乏,2.0,0.0,0.0,0.0,0.0,0.0,0.0
1181,戈夫,2.0,0.0,0.0,0.0,0.0,0.0,0.0
1182,其他,14.0,0.0,0.0,0.0,0.0,1.0,0.0
1183,该,21.0,0.0,2.0,1.0,2.0,0.0,0.0
1184,美联储,3.0,0.0,0.0,0.0,0.0,0.0,0.0
1185,未能,3.0,0.0,0.0,0.0,0.0,0.0,0.0
1186,骚扰,0.0,2.0,0.0,0.0,0.0,0.0,0.0
1187,交通,0.0,1.0,0.0,9.0,0.0,0.0,0.0
1188,请,3.0,0.0,0.0,20.0,0.0,0.0,0.0
1189,安全,3.0,0.0,6.0,0.0,0.0,0.0,0.0
1190,发表声明,0.0,0.0,0.0,0.0,0.0,2.0,0.0
1191,解释,3.0,0.0,0.0,0.0,0.0,0.0,0.0
1192,生产,2.0,0.0,0.0,0.0,0.0,0.0,0.0
1193,印象,3.0,0.0,0.0,0.0,0.0,0.0,0.0
1194,少数,3.0,0.0,0.0,0.0,0.0,0.0,0.0
1195,话,1.0,0.0,0.0,4.0,0.0,0.0,0.0
1196,陈晓东,0.0,0.0,3.0,0.0,0.0,0.0,0.0
1197,后雨,0.0,0.0,0.0,3.0,0.0,0.0,0.0
1198,客户,2.0,0.0,0.0,0.0,0.0,0.0,0.0
1199,投资者,7.0,0.0,0.0,0.0,0.0,0.0,0.0
1200,越来越,5.0,1.0,0.0,0.0,0.0,0.0,0.0
1201,迄今,2.0,0.0,0.0,0.0,0.0,0.0,0.0
1202,武装人员,0.0,0.0,3.0,0.0,0.0,0.0,0.0
1203,眼神,1.0,0.0,0.0,3.0,0.0,0.0,0.0
1204,角力,2.0,0.0,0.0,0.0,0.0,0.0,0.0
1205,另,4.0,0.0,0.0,0.0,0.0,1.0,0.0
1206,议员,0.0,0.0,2.0,0.0,0.0,0.0,0.0
1207,只,0.0,0.0,0.0,4.0,0.0,1.0,0.0
1208,有人,2.0,1.0,1.0,0.0,0.0,0.0,0.0
1209,可,2.0,3.0,1.0,3.0,1.0,1.0,0.0
1210,接连,1.0,0.0,2.0,0.0,0.0,0.0,0.0
1211,其实,0.0,0.0,0.0,0.0,0.0,3.0,0.0
1212,澳,0.0,1.0,5.0,0.0,0.0,0.0,0.0
1213,竞争对手,2.0,0.0,0.0,0.0,0.0,0.0,0.0
1214,合同,5.0,0.0,0.0,0.0,0.0,0.0,0.0
1215,日前,0.0,0.0,2.0,0.0,0.0,1.0,0.0
1216,软银,4.0,0.0,0.0,0.0,9.0,0.0,0.0
1217,及,6.0,0.0,2.0,0.0,0.0,0.0,0.0
1218,裁决书,2.0,0.0,0.0,0.0,0.0,0.0,0.0
1219,又,5.0,1.0,0.0,6.0,3.0,0.0,1.0
1220,反,4.0,0.0,2.0,0.0,0.0,1.0,0.0
1221,不断,1.0,0.0,1.0,0.0,0.0,2.0,0.0
1222,老娘,0.0,0.0,0.0,2.0,0.0,0.0,0.0
1223,涉嫌,0.0,0.0,3.0,0.0,0.0,0.0,0.0
1224,频繁,2.0,0.0,0.0,0.0,0.0,0.0,0.0
1225,自来,0.0,0.0,2.0,0.0,0.0,0.0,0.0
1226,特别,3.0,0.0,1.0,3.0,0.0,0.0,0.0
1227,这款,2.0,0.0,0.0,0.0,0.0,0.0,0.0
1228,改编,0.0,0.0,0.0,0.0,0.0,0.0,2.0
1229,学生,0.0,3.0,0.0,0.0,0.0,0.0,0.0
1230,一抖,0.0,0.0,0.0,2.0,0.0,0.0,0.0
1231,列车,0.0,0.0,0.0,2.0,0.0,1.0,0.0
1232,当,5.0,1.0,0.0,0.0,0.0,0.0,0.0
1233,羁押,2.0,0.0,0.0,0.0,0.0,0.0,0.0
1234,搞笑,0.0,0.0,0.0,405.0,0.0,0.0,0.0
1235,上天,0.0,0.0,0.0,0.0,3.0,0.0,0.0
1236,结束,4.0,0.0,0.0,0.0,0.0,0.0,0.0
1237,几个,2.0,0.0,0.0,0.0,0.0,0.0,1.0
1238,警方,7.0,2.0,4.0,0.0,0.0,1.0,0.0
1239,还有,2.0,0.0,0.0,0.0,1.0,0.0,0.0
1240,惠美子,2.0,0.0,0.0,0.0,0.0,0.0,0.0
1241,全年,2.0,0.0,0.0,0.0,0.0,0.0,0.0
1242,出席,1.0,2.0,1.0,0.0,0.0,0.0,0.0
1243,德国,3.0,0.0,1.0,0.0,0.0,0.0,0.0
1244,苏丹,0.0,0.0,2.0,0.0,0.0,0.0,0.0
1245,宠物,0.0,0.0,0.0,3.0,0.0,0.0,0.0
1246,那样,3.0,0.0,0.0,0.0,0.0,2.0,0.0
1247,夏天,0.0,0.0,0.0,3.0,0.0,0.0,0.0
1248,席位,2.0,0.0,0.0,0.0,0.0,0.0,0.0
1249,陆慷,0.0,0.0,3.0,0.0,0.0,0.0,0.0
1250,部分,0.0,2.0,1.0,20.0,0.0,1.0,0.0
1251,用来,0.0,0.0,0.0,3.0,0.0,0.0,0.0
1252,女町长,0.0,2.0,0.0,0.0,0.0,0.0,0.0
1253,耍流氓,0.0,0.0,0.0,2.0,0.0,0.0,0.0
1254,没有,11.0,1.0,0.0,6.0,1.0,7.0,1.0
1255,喜欢,2.0,1.0,0.0,4.0,1.0,0.0,0.0
1256,以及,5.0,0.0,3.0,0.0,0.0,1.0,1.0
1257,使,5.0,0.0,0.0,0.0,0.0,0.0,0.0
1258,昨日,2.0,0.0,0.0,0.0,0.0,0.0,0.0
1259,做,4.0,0.0,1.0,4.0,0.0,0.0,0.0
1260,老婆,0.0,0.0,0.0,9.0,0.0,0.0,0.0
1261,首相,11.0,0.0,0.0,0.0,0.0,0.0,0.0
1262,周永康,0.0,0.0,0.0,0.0,0.0,3.0,0.0
1263,影业,2.0,0.0,0.0,0.0,0.0,0.0,0.0
1264,疏散,0.0,0.0,4.0,0.0,0.0,0.0,0.0
1265,防晒,0.0,0.0,0.0,3.0,0.0,0.0,0.0
1266,国企改革,4.0,0.0,0.0,0.0,0.0,0.0,0.0
1267,袭警,3.0,0.0,0.0,0.0,0.0,0.0,0.0
1268,香港,6.0,0.0,0.0,0.0,0.0,1.0,0.0
1269,投资,12.0,0.0,1.0,0.0,2.0,0.0,0.0
1270,下降,3.0,0.0,0.0,0.0,0.0,0.0,0.0
1271,位,0.0,2.0,0.0,0.0,0.0,0.0,0.0
1272,地球,1.0,0.0,0.0,3.0,0.0,0.0,0.0
1273,袭击,4.0,0.0,10.0,0.0,0.0,0.0,0.0
1274,局势,0.0,0.0,4.0,0.0,0.0,2.0,0.0
1275,内务,0.0,0.0,3.0,0.0,0.0,0.0,0.0
1276,多数,3.0,1.0,0.0,0.0,0.0,0.0,0.0
1277,不错,0.0,0.0,0.0,3.0,0.0,0.0,0.0
1278,一位,3.0,0.0,1.0,0.0,0.0,1.0,0.0
1279,首次,3.0,0.0,0.0,0.0,0.0,0.0,0.0
1280,评论,15.0,0.0,1.0,0.0,15.0,0.0,0.0
1281,删除,2.0,0.0,0.0,0.0,0.0,0.0,0.0
1282,公平,0.0,0.0,0.0,0.0,0.0,2.0,0.0
1283,网络,2.0,3.0,0.0,0.0,2.0,1.0,0.0
1284,大度,0.0,0.0,0.0,2.0,0.0,0.0,0.0
1285,芯片,2.0,0.0,0.0,0.0,0.0,0.0,0.0
1286,代尔,2.0,0.0,0.0,0.0,0.0,0.0,0.0
1287,两名,5.0,1.0,0.0,0.0,0.0,0.0,0.0
1288,体系,1.0,0.0,3.0,0.0,1.0,0.0,0.0
1289,进去,0.0,0.0,0.0,2.0,0.0,0.0,0.0
1290,威胁,2.0,0.0,1.0,0.0,0.0,0.0,0.0
1291,大臣,4.0,0.0,0.0,0.0,0.0,0.0,0.0
1292,用,0.0,0.0,0.0,3.0,1.0,0.0,2.0
1293,专栏,5.0,0.0,0.0,0.0,0.0,0.0,0.0
1294,非法,0.0,0.0,2.0,0.0,0.0,0.0,0.0
1295,法国,18.0,0.0,5.0,0.0,0.0,0.0,0.0
1296,郭美美,0.0,0.0,0.0,0.0,0.0,4.0,0.0
1297,奥运会,4.0,0.0,0.0,0.0,0.0,0.0,0.0
1298,俄罗斯,1.0,0.0,2.0,0.0,0.0,0.0,0.0
1299,关注,5.0,1.0,2.0,0.0,15.0,0.0,0.0
1300,换个,0.0,0.0,0.0,3.0,0.0,0.0,0.0
1301,鲍里斯,4.0,0.0,0.0,0.0,0.0,0.0,0.0
1302,愿意,3.0,0.0,0.0,0.0,0.0,0.0,0.0
1303,宝石,0.0,2.0,0.0,0.0,0.0,0.0,0.0
1304,妈蛋,0.0,0.0,0.0,3.0,0.0,0.0,0.0
1305,根本,2.0,0.0,0.0,0.0,0.0,0.0,0.0
1306,肖恩,4.0,0.0,0.0,0.0,0.0,0.0,0.0
1307,意思,1.0,0.0,0.0,6.0,0.0,0.0,0.0
1308,接受,1.0,0.0,2.0,0.0,1.0,1.0,0.0
1309,这家,13.0,0.0,0.0,0.0,0.0,0.0,0.0
1310,密集,2.0,0.0,0.0,0.0,0.0,0.0,0.0
1311,梦到,0.0,0.0,0.0,2.0,0.0,0.0,0.0
1312,秘书,2.0,0.0,0.0,0.0,0.0,0.0,0.0
1313,几年,2.0,0.0,0.0,0.0,0.0,1.0,0.0
1314,亿,0.0,0.0,0.0,2.0,0.0,0.0,0.0
1315,显示,8.0,2.0,0.0,0.0,0.0,1.0,0.0
1316,餐厅,5.0,2.0,0.0,0.0,0.0,0.0,0.0
1317,内裤,0.0,0.0,0.0,3.0,0.0,0.0,0.0
1318,办理,0.0,0.0,2.0,0.0,0.0,0.0,0.0
1319,老化,0.0,2.0,0.0,0.0,0.0,0.0,0.0
1320,海洋法,3.0,0.0,0.0,0.0,0.0,0.0,0.0
1321,求助,2.0,0.0,0.0,0.0,0.0,0.0,0.0
1322,需,2.0,1.0,0.0,0.0,0.0,1.0,0.0
1323,并未,2.0,0.0,0.0,0.0,0.0,0.0,0.0
1324,上周五,2.0,0.0,0.0,0.0,0.0,0.0,0.0
1325,海牙,7.0,0.0,0.0,0.0,0.0,0.0,0.0
1326,触底,2.0,0.0,0.0,0.0,0.0,0.0,0.0
1327,期间,2.0,0.0,0.0,0.0,0.0,0.0,0.0
1328,怎么样,0.0,0.0,0.0,3.0,0.0,0.0,0.0
1329,倒,0.0,0.0,0.0,1.0,0.0,2.0,0.0
1330,推向,2.0,0.0,0.0,0.0,0.0,0.0,0.0
1331,遗产,2.0,0.0,0.0,0.0,0.0,0.0,0.0
1332,原告,0.0,0.0,0.0,3.0,0.0,0.0,0.0
1333,照明,4.0,0.0,0.0,0.0,0.0,0.0,0.0
1334,存在,2.0,0.0,0.0,1.0,0.0,0.0,0.0
1335,发电厂,2.0,0.0,0.0,0.0,0.0,0.0,0.0
1336,反击,2.0,0.0,0.0,0.0,0.0,0.0,0.0
1337,基辅,0.0,0.0,0.0,0.0,0.0,3.0,0.0
1338,教学法,2.0,0.0,0.0,0.0,0.0,0.0,0.0
1339,公交,0.0,0.0,0.0,4.0,0.0,0.0,0.0
1340,仲裁庭,8.0,0.0,3.0,0.0,0.0,0.0,0.0
1341,巴康迪,0.0,0.0,4.0,0.0,0.0,0.0,0.0
1342,号码,0.0,0.0,0.0,0.0,0.0,0.0,2.0
1343,消费者,2.0,0.0,0.0,0.0,0.0,0.0,0.0
1344,猕猴桃,0.0,0.0,0.0,3.0,0.0,0.0,0.0
1345,下午,3.0,0.0,1.0,0.0,0.0,0.0,0.0
1346,死刑,1.0,2.0,2.0,0.0,0.0,0.0,0.0
1347,房地产,4.0,0.0,0.0,0.0,0.0,0.0,0.0
1348,嘘,0.0,0.0,0.0,2.0,0.0,0.0,0.0
1349,使用,4.0,0.0,0.0,0.0,1.0,0.0,0.0
1350,星人,0.0,0.0,0.0,3.0,0.0,0.0,0.0
1351,餐饮,0.0,0.0,0.0,3.0,0.0,0.0,0.0
1352,曾,5.0,0.0,0.0,0.0,2.0,2.0,0.0
1353,说,16.0,1.0,5.0,13.0,1.0,0.0,0.0
1354,更,15.0,0.0,0.0,0.0,1.0,2.0,0.0
1355,完成,2.0,0.0,0.0,0.0,0.0,1.0,0.0
1356,过程,2.0,0.0,0.0,0.0,0.0,1.0,0.0
1357,咦,0.0,0.0,0.0,3.0,0.0,0.0,0.0
1358,案例,2.0,0.0,0.0,0.0,0.0,0.0,0.0
1359,咔,2.0,0.0,0.0,0.0,0.0,0.0,0.0
1360,能源,2.0,0.0,0.0,0.0,1.0,0.0,0.0
1361,噶哈,0.0,0.0,0.0,3.0,0.0,0.0,0.0
1362,立场,3.0,0.0,2.0,0.0,1.0,0.0,0.0
1363,嫌疑人,2.0,0.0,0.0,0.0,0.0,0.0,0.0
1364,成长,3.0,0.0,0.0,0.0,0.0,0.0,0.0
1365,宣布,3.0,1.0,1.0,0.0,0.0,0.0,0.0
1366,拍卖,2.0,0.0,0.0,0.0,0.0,0.0,0.0
1367,保罗,2.0,0.0,0.0,0.0,0.0,0.0,0.0
1368,优质,2.0,0.0,0.0,0.0,0.0,0.0,0.0
1369,海外,4.0,0.0,3.0,0.0,0.0,0.0,0.0
1370,天天,0.0,0.0,0.0,3.0,0.0,0.0,0.0
1371,案后,0.0,0.0,2.0,0.0,0.0,0.0,0.0
1372,牙印,0.0,0.0,0.0,3.0,0.0,0.0,0.0
1373,官方,5.0,0.0,0.0,0.0,0.0,0.0,0.0
1374,攻势,2.0,0.0,0.0,0.0,0.0,0.0,0.0
1375,一场,7.0,0.0,0.0,0.0,0.0,0.0,0.0
1376,有关,1.0,0.0,2.0,0.0,0.0,1.0,0.0
1377,乌克兰,0.0,0.0,0.0,0.0,0.0,3.0,0.0
1378,终于,1.0,0.0,0.0,4.0,0.0,0.0,0.0
1379,西部,0.0,3.0,0.0,0.0,0.0,0.0,0.0
1380,边界,0.0,0.0,2.0,0.0,0.0,0.0,0.0
1381,奖励,2.0,0.0,0.0,0.0,0.0,0.0,0.0
1382,南中国海,16.0,0.0,0.0,0.0,0.0,0.0,0.0
1383,行,2.0,0.0,0.0,1.0,0.0,0.0,0.0
1384,职务,0.0,0.0,3.0,0.0,0.0,0.0,0.0
1385,当前,2.0,1.0,1.0,0.0,0.0,1.0,0.0
1386,团结,2.0,0.0,0.0,0.0,0.0,0.0,0.0
1387,袭警案,0.0,0.0,2.0,0.0,0.0,0.0,0.0
1388,世界贸易组织,2.0,0.0,0.0,0.0,0.0,0.0,0.0
1389,军事政变,2.0,0.0,4.0,0.0,0.0,0.0,0.0
1390,私校,3.0,0.0,0.0,0.0,0.0,0.0,0.0
1391,经典,0.0,0.0,0.0,110.0,0.0,0.0,0.0
1392,中午,0.0,0.0,0.0,2.0,0.0,0.0,0.0
1393,人大,2.0,0.0,0.0,0.0,0.0,0.0,0.0
1394,神马,0.0,0.0,0.0,3.0,0.0,0.0,0.0
1395,哈福德,2.0,0.0,0.0,0.0,0.0,0.0,0.0
1396,石油,3.0,0.0,0.0,0.0,0.0,0.0,0.0
1397,协议,6.0,1.0,0.0,0.0,0.0,0.0,0.0
1398,煤炭,6.0,0.0,0.0,0.0,0.0,0.0,0.0
1399,购入,2.0,0.0,0.0,0.0,0.0,0.0,0.0
1400,录像,0.0,2.0,0.0,0.0,0.0,0.0,0.0
1401,公布,8.0,2.0,0.0,0.0,2.0,1.0,0.0
1402,干净,0.0,0.0,0.0,3.0,0.0,0.0,0.0
1403,上述,2.0,0.0,0.0,0.0,0.0,0.0,0.0
1404,进来,0.0,0.0,0.0,3.0,0.0,0.0,0.0
1405,火箭,0.0,0.0,0.0,0.0,3.0,2.0,0.0
1406,看法,2.0,0.0,0.0,0.0,0.0,0.0,1.0
1407,往,0.0,0.0,0.0,5.0,0.0,0.0,1.0
1408,等待,2.0,0.0,0.0,0.0,1.0,1.0,0.0
1409,预期,4.0,0.0,0.0,0.0,0.0,0.0,0.0
1410,深圳,2.0,0.0,0.0,0.0,0.0,0.0,0.0
1411,司法,2.0,0.0,2.0,0.0,0.0,1.0,0.0
1412,即将,4.0,0.0,1.0,0.0,0.0,0.0,0.0
1413,有钱人,0.0,0.0,0.0,3.0,0.0,0.0,0.0
1414,中国政府,3.0,0.0,1.0,0.0,0.0,0.0,0.0
1415,过剩,3.0,0.0,0.0,0.0,0.0,0.0,0.0
1416,这个,10.0,1.0,0.0,10.0,1.0,1.0,0.0
1417,竞赛,2.0,0.0,0.0,0.0,0.0,0.0,0.0
1418,邀请,1.0,2.0,0.0,0.0,0.0,0.0,0.0
1419,计划,5.0,0.0,0.0,0.0,1.0,0.0,0.0
1420,发出,2.0,1.0,0.0,0.0,0.0,0.0,0.0
1421,数量,6.0,2.0,0.0,0.0,0.0,0.0,0.0
1422,开放,2.0,0.0,0.0,0.0,0.0,0.0,0.0
1423,博客,0.0,0.0,0.0,0.0,0.0,0.0,10.0
1424,鸟,0.0,0.0,0.0,3.0,0.0,0.0,0.0
1425,不造,0.0,0.0,0.0,3.0,0.0,0.0,0.0
1426,这一,15.0,0.0,0.0,0.0,0.0,0.0,0.0
1427,式,2.0,0.0,0.0,0.0,0.0,0.0,0.0
1428,交往,0.0,2.0,1.0,0.0,0.0,0.0,0.0
1429,回答,1.0,1.0,1.0,2.0,0.0,0.0,0.0
1430,领导人,4.0,0.0,0.0,0.0,0.0,3.0,0.0
1431,新加坡,2.0,0.0,7.0,0.0,0.0,0.0,0.0
1432,类似,2.0,0.0,0.0,0.0,0.0,0.0,0.0
1433,那些,8.0,0.0,0.0,0.0,0.0,0.0,0.0
1434,至,5.0,0.0,1.0,0.0,0.0,0.0,0.0
1435,境内,0.0,0.0,2.0,0.0,0.0,0.0,0.0
1436,国际法院,4.0,0.0,0.0,0.0,0.0,0.0,0.0
1437,不久前,4.0,0.0,0.0,0.0,0.0,0.0,0.0
1438,发言人,2.0,0.0,3.0,0.0,0.0,0.0,0.0
1439,司机,3.0,0.0,0.0,0.0,0.0,0.0,0.0
1440,机构,3.0,1.0,1.0,0.0,0.0,0.0,0.0
1441,动画,0.0,0.0,0.0,54.0,0.0,0.0,0.0
1442,早,2.0,0.0,0.0,0.0,2.0,0.0,1.0
1443,离职,2.0,0.0,0.0,0.0,1.0,0.0,0.0
1444,年代,2.0,0.0,0.0,0.0,0.0,0.0,0.0
1445,百货商场,2.0,0.0,0.0,0.0,0.0,0.0,0.0
1446,冈萨雷斯,0.0,0.0,5.0,0.0,0.0,0.0,0.0
1447,遵守,2.0,0.0,0.0,0.0,0.0,0.0,0.0
1448,管理,2.0,0.0,0.0,0.0,0.0,0.0,0.0
1449,工作,3.0,3.0,2.0,0.0,0.0,0.0,0.0
1450,可能,18.0,2.0,5.0,0.0,1.0,0.0,0.0
1451,央行,4.0,0.0,0.0,0.0,0.0,0.0,0.0
1452,次数,2.0,0.0,0.0,0.0,0.0,0.0,0.0
1453,人数,1.0,0.0,2.0,0.0,0.0,0.0,0.0
1454,埃,8.0,0.0,3.0,0.0,0.0,0.0,0.0
1455,正常,2.0,1.0,0.0,0.0,0.0,0.0,0.0
1456,抗议,10.0,0.0,0.0,0.0,0.0,0.0,0.0
1457,医学,0.0,1.0,0.0,0.0,3.0,0.0,0.0
1458,总共,14.0,0.0,0.0,0.0,0.0,0.0,0.0
1459,重申,2.0,0.0,1.0,0.0,0.0,0.0,0.0
1460,指出,2.0,1.0,0.0,0.0,0.0,0.0,0.0
1461,凯特,2.0,1.0,0.0,0.0,0.0,0.0,0.0
1462,第二季度,4.0,0.0,0.0,0.0,0.0,0.0,0.0
1463,国内,6.0,0.0,0.0,0.0,0.0,0.0,0.0
1464,面临,2.0,0.0,0.0,0.0,0.0,0.0,0.0
1465,哥斯达黎加,0.0,0.0,4.0,0.0,0.0,0.0,0.0
1466,女生,0.0,0.0,0.0,0.0,0.0,2.0,0.0
1467,笑话,0.0,0.0,0.0,17.0,0.0,1.0,0.0
1468,查看,0.0,0.0,0.0,0.0,15.0,20.0,10.0
1469,达成,3.0,0.0,1.0,0.0,1.0,0.0,0.0
1470,销售,5.0,1.0,0.0,0.0,0.0,0.0,0.0
1471,把,15.0,0.0,0.0,10.0,2.0,1.0,1.0
1472,网文,0.0,0.0,0.0,110.0,0.0,0.0,0.0
1473,哥中,0.0,0.0,2.0,0.0,0.0,0.0,0.0
1474,首例,2.0,0.0,0.0,0.0,0.0,0.0,0.0
1475,莱尔,2.0,0.0,0.0,0.0,0.0,0.0,0.0
1476,经历,5.0,1.0,0.0,0.0,0.0,0.0,0.0
1477,价值,2.0,1.0,0.0,0.0,0.0,0.0,0.0
1478,货币,3.0,0.0,0.0,0.0,0.0,0.0,0.0
1479,阿根廷,0.0,2.0,0.0,0.0,0.0,0.0,0.0
1480,管理层,2.0,0.0,0.0,0.0,0.0,0.0,0.0
1481,订阅,1.0,0.0,0.0,40.0,0.0,0.0,0.0
1482,获得,3.0,0.0,0.0,0.0,1.0,0.0,0.0
1483,几天,0.0,0.0,0.0,4.0,1.0,0.0,0.0
1484,退市,2.0,0.0,0.0,0.0,0.0,0.0,0.0
1485,正经,0.0,0.0,0.0,3.0,0.0,0.0,0.0
1486,共享,3.0,0.0,0.0,0.0,0.0,0.0,0.0
1487,内政,4.0,0.0,0.0,0.0,0.0,0.0,0.0
1488,统一,2.0,1.0,0.0,0.0,0.0,1.0,0.0
1489,女士,2.0,0.0,0.0,0.0,0.0,0.0,0.0
1490,观点,2.0,0.0,0.0,0.0,0.0,0.0,0.0
1491,求,0.0,0.0,0.0,3.0,0.0,0.0,0.0
1492,争议,4.0,0.0,0.0,0.0,0.0,0.0,0.0
1493,要求,1.0,3.0,1.0,0.0,0.0,1.0,0.0
1494,一碗,0.0,0.0,0.0,3.0,0.0,0.0,0.0
1495,服务器,2.0,0.0,0.0,0.0,0.0,0.0,0.0
1496,路易斯安那州,2.0,0.0,1.0,0.0,0.0,0.0,0.0
1497,邻国,3.0,0.0,0.0,0.0,0.0,0.0,0.0
1498,唐宁街,5.0,0.0,0.0,0.0,0.0,0.0,0.0
1499,受害者,2.0,0.0,0.0,0.0,0.0,0.0,0.0
1500,进入,3.0,0.0,0.0,1.0,0.0,3.0,0.0
1501,发明,2.0,0.0,0.0,0.0,0.0,0.0,0.0
1502,意味着,2.0,0.0,0.0,0.0,0.0,0.0,0.0
1503,好大,0.0,0.0,0.0,3.0,0.0,0.0,0.0
1504,事件,17.0,0.0,11.0,0.0,0.0,3.0,0.0
1505,共和党,2.0,0.0,3.0,0.0,0.0,0.0,0.0
1506,情况,4.0,1.0,0.0,0.0,0.0,0.0,1.0
1507,经营权,2.0,0.0,0.0,0.0,0.0,0.0,0.0
1508,时候,7.0,0.0,0.0,8.0,0.0,1.0,1.0
1509,不要,2.0,0.0,0.0,1.0,0.0,1.0,0.0
1510,所有,2.0,1.0,0.0,0.0,0.0,0.0,1.0
1511,德洛斯,2.0,0.0,0.0,0.0,0.0,0.0,0.0
1512,钱,0.0,0.0,0.0,3.0,1.0,0.0,0.0
1513,五环,0.0,0.0,0.0,3.0,0.0,0.0,0.0
1514,不及,0.0,2.0,0.0,0.0,0.0,0.0,0.0
1515,外交部,0.0,0.0,6.0,0.0,0.0,0.0,0.0
1516,日电,0.0,0.0,12.0,0.0,0.0,0.0,0.0
1517,英国政府,2.0,0.0,0.0,0.0,0.0,0.0,0.0
1518,告诉,2.0,0.0,1.0,0.0,1.0,0.0,2.0
1519,人士,7.0,0.0,2.0,0.0,0.0,0.0,0.0
1520,今年,11.0,0.0,1.0,1.0,0.0,0.0,0.0
1521,附近,0.0,0.0,3.0,0.0,0.0,0.0,0.0
1522,针对,5.0,0.0,5.0,0.0,0.0,0.0,0.0
1523,抖,0.0,0.0,0.0,2.0,0.0,0.0,0.0
1524,梅于,2.0,0.0,0.0,0.0,0.0,0.0,0.0
1525,风格,2.0,0.0,0.0,0.0,0.0,0.0,0.0
1526,安卡拉,3.0,0.0,3.0,0.0,0.0,0.0,0.0
1527,卡,2.0,0.0,0.0,0.0,0.0,0.0,0.0
1528,占,2.0,0.0,0.0,0.0,0.0,0.0,0.0
1529,导致,9.0,0.0,0.0,0.0,0.0,0.0,0.0
1530,却,8.0,2.0,0.0,0.0,0.0,1.0,0.0
1531,许多,3.0,0.0,0.0,0.0,0.0,0.0,0.0
1532,获,1.0,2.0,0.0,0.0,0.0,0.0,0.0
1533,奥巴马,11.0,0.0,0.0,0.0,0.0,0.0,0.0
1534,与时俱进,2.0,0.0,0.0,0.0,0.0,0.0,0.0
1535,那里,2.0,0.0,0.0,0.0,0.0,0.0,0.0
1536,诞下,0.0,2.0,0.0,0.0,0.0,0.0,0.0
1537,而是,2.0,0.0,0.0,0.0,0.0,0.0,0.0
1538,尤其,2.0,0.0,0.0,1.0,0.0,1.0,0.0
1539,中东地区,0.0,0.0,2.0,0.0,0.0,0.0,0.0
1540,情商,0.0,0.0,0.0,2.0,0.0,0.0,0.0
1541,大片,2.0,0.0,0.0,0.0,0.0,0.0,0.0
1542,相似,2.0,0.0,0.0,0.0,0.0,0.0,0.0
1543,企业,10.0,0.0,1.0,0.0,1.0,1.0,0.0
1544,特,0.0,1.0,0.0,3.0,2.0,0.0,0.0
1545,区域,3.0,0.0,1.0,0.0,0.0,0.0,0.0
1546,萨,2.0,0.0,1.0,0.0,0.0,0.0,0.0
1547,展示,1.0,0.0,0.0,3.0,0.0,0.0,0.0
1548,脱欧,15.0,0.0,0.0,0.0,0.0,0.0,0.0
1549,发表,4.0,0.0,1.0,0.0,0.0,1.0,0.0
1550,游客,1.0,1.0,5.0,0.0,0.0,0.0,0.0
1551,月均,2.0,0.0,0.0,0.0,0.0,0.0,0.0
1552,核电,2.0,0.0,0.0,0.0,0.0,0.0,0.0
1553,中东,0.0,0.0,3.0,0.0,0.0,0.0,0.0
1554,称为,2.0,1.0,0.0,0.0,0.0,0.0,0.0
1555,加入,3.0,0.0,0.0,0.0,0.0,0.0,0.0
1556,剧毒,0.0,2.0,0.0,0.0,0.0,0.0,0.0
1557,发行,4.0,0.0,0.0,0.0,0.0,0.0,0.0
1558,地图,3.0,0.0,0.0,0.0,0.0,0.0,0.0
1559,东京,2.0,1.0,0.0,0.0,0.0,0.0,0.0
1560,对于,7.0,0.0,0.0,0.0,0.0,2.0,0.0
1561,欧盟,6.0,0.0,2.0,0.0,0.0,0.0,0.0
1562,担忧,3.0,0.0,0.0,0.0,0.0,0.0,0.0
1563,阿纳多卢,0.0,0.0,2.0,0.0,0.0,0.0,0.0
1564,吗,5.0,0.0,0.0,10.0,4.0,1.0,0.0
1565,部门,2.0,0.0,1.0,0.0,0.0,1.0,0.0
1566,向,9.0,0.0,2.0,2.0,0.0,1.0,0.0
1567,后,22.0,2.0,3.0,0.0,0.0,1.0,0.0
1568,布鲁塞尔,2.0,0.0,0.0,0.0,0.0,0.0,0.0
1569,同,2.0,0.0,1.0,0.0,0.0,0.0,0.0
1570,名,12.0,0.0,14.0,0.0,0.0,0.0,0.0
1571,讨论,3.0,0.0,0.0,0.0,0.0,0.0,0.0
1572,各,1.0,0.0,2.0,0.0,0.0,0.0,0.0
1573,吃,1.0,1.0,0.0,8.0,0.0,0.0,0.0
1574,意义,0.0,0.0,2.0,0.0,0.0,0.0,0.0
1575,建筑,2.0,0.0,0.0,0.0,0.0,0.0,0.0
1576,失恋,0.0,0.0,0.0,3.0,0.0,0.0,0.0
1577,家,2.0,0.0,0.0,1.0,0.0,0.0,0.0
1578,智库,0.0,0.0,2.0,0.0,0.0,0.0,0.0
1579,数千名,2.0,0.0,0.0,0.0,0.0,0.0,0.0
1580,巴黎,8.0,0.0,0.0,0.0,0.0,0.0,0.0
1581,比如,2.0,0.0,0.0,0.0,1.0,1.0,0.0
1582,试图,5.0,0.0,1.0,0.0,0.0,0.0,0.0
1583,支持,2.0,0.0,4.0,20.0,0.0,0.0,0.0
1584,诉,2.0,0.0,0.0,0.0,0.0,0.0,0.0
1585,满意,0.0,0.0,0.0,2.0,0.0,1.0,0.0
1586,英镑,5.0,0.0,0.0,0.0,1.0,0.0,0.0
1587,何在,1.0,0.0,0.0,0.0,0.0,2.0,0.0
1588,服务,3.0,0.0,1.0,0.0,0.0,0.0,0.0
1589,开始,8.0,1.0,1.0,0.0,1.0,3.0,0.0
1590,普,5.0,0.0,0.0,0.0,0.0,0.0,0.0
1591,晚上,2.0,0.0,0.0,2.0,0.0,0.0,0.0
1592,怀疑,2.0,0.0,0.0,0.0,0.0,0.0,0.0
1593,菲利普,2.0,0.0,0.0,0.0,0.0,0.0,0.0
1594,持续,3.0,0.0,0.0,0.0,0.0,1.0,0.0
1595,罗伯特,4.0,0.0,0.0,0.0,0.0,0.0,0.0
1596,信息,4.0,1.0,0.0,0.0,1.0,0.0,0.0
1597,唐纳德,4.0,0.0,0.0,0.0,0.0,0.0,0.0
1598,近年来,2.0,0.0,0.0,0.0,0.0,1.0,0.0
1599,同样,3.0,0.0,1.0,0.0,1.0,0.0,0.0
1600,关键,2.0,0.0,0.0,0.0,0.0,0.0,0.0
1601,贾,1.0,2.0,0.0,0.0,0.0,0.0,0.0
1602,来说,3.0,0.0,0.0,0.0,0.0,0.0,0.0
1603,受伤,2.0,0.0,6.0,0.0,0.0,0.0,0.0
1604,运动,4.0,2.0,2.0,0.0,0.0,0.0,0.0
1605,特朗普,6.0,0.0,2.0,0.0,0.0,0.0,0.0
1606,负,2.0,0.0,0.0,0.0,0.0,0.0,0.0
1607,产能,2.0,0.0,0.0,0.0,0.0,0.0,0.0
1608,妹子,0.0,0.0,0.0,8.0,0.0,0.0,0.0
1609,正确,2.0,0.0,0.0,0.0,0.0,0.0,0.0
1610,秩序,0.0,0.0,4.0,0.0,0.0,0.0,0.0
1611,称,10.0,3.0,6.0,0.0,0.0,1.0,0.0
1612,大公,0.0,0.0,4.0,0.0,0.0,0.0,0.0
1613,基本上,2.0,0.0,0.0,0.0,0.0,0.0,0.0
1614,哥们,0.0,0.0,0.0,5.0,0.0,0.0,0.0
1615,怎么,0.0,0.0,0.0,4.0,0.0,1.0,0.0
1616,溢价,0.0,0.0,0.0,0.0,2.0,0.0,0.0
1617,国有企业,2.0,0.0,0.0,0.0,0.0,0.0,0.0
1618,别人,0.0,0.0,0.0,3.0,0.0,0.0,0.0
1619,考虑,3.0,0.0,2.0,0.0,0.0,0.0,0.0
1620,阿图,2.0,0.0,0.0,0.0,0.0,0.0,0.0
1621,搜索,2.0,0.0,0.0,0.0,0.0,0.0,0.0
1622,利用率,2.0,0.0,0.0,0.0,0.0,0.0,0.0
1623,小样,0.0,0.0,0.0,3.0,0.0,0.0,0.0
1624,政变,6.0,0.0,5.0,0.0,0.0,0.0,0.0
1625,印控,0.0,0.0,3.0,0.0,0.0,0.0,0.0
1626,两起,0.0,0.0,2.0,0.0,0.0,0.0,0.0
1627,恢复,2.0,0.0,5.0,0.0,0.0,0.0,0.0
1628,潜规则,0.0,0.0,0.0,0.0,0.0,3.0,0.0
1629,经理,2.0,0.0,0.0,0.0,0.0,0.0,0.0
1630,非,2.0,0.0,0.0,0.0,0.0,0.0,0.0
1631,科技,3.0,0.0,0.0,0.0,2.0,0.0,0.0
1632,改革,2.0,0.0,4.0,0.0,0.0,2.0,0.0
1633,应,2.0,1.0,3.0,0.0,0.0,1.0,0.0
1634,会议,3.0,0.0,0.0,0.0,0.0,0.0,0.0
1635,记者,2.0,0.0,10.0,0.0,0.0,2.0,0.0
1636,至终,2.0,0.0,0.0,0.0,0.0,0.0,0.0
1637,这些,6.0,0.0,0.0,0.0,0.0,0.0,1.0
1638,不用,2.0,0.0,0.0,0.0,0.0,0.0,1.0
1639,抚养费,0.0,0.0,0.0,0.0,0.0,3.0,0.0
1640,方面,5.0,0.0,0.0,0.0,2.0,0.0,0.0
1641,此外,2.0,0.0,0.0,0.0,0.0,0.0,0.0
1642,点击,0.0,0.0,0.0,40.0,0.0,0.0,10.0
1643,设备,1.0,0.0,0.0,0.0,2.0,0.0,0.0
1644,需要,6.0,0.0,0.0,0.0,0.0,0.0,0.0
1645,法,0.0,3.0,0.0,0.0,0.0,0.0,0.0
1646,阿拉,2.0,0.0,0.0,0.0,0.0,0.0,0.0
1647,教育,0.0,0.0,0.0,0.0,0.0,5.0,0.0
1648,半数,2.0,0.0,0.0,0.0,0.0,0.0,0.0
1649,拉比亚,0.0,0.0,2.0,0.0,0.0,0.0,0.0
1650,举,2.0,0.0,0.0,0.0,0.0,0.0,0.0
1651,为,36.0,4.0,2.0,1.0,1.0,1.0,0.0
1652,读书,0.0,2.0,0.0,0.0,0.0,0.0,0.0
1653,个,11.0,1.0,3.0,3.0,0.0,1.0,0.0
1654,中华人民共和国,2.0,0.0,0.0,0.0,0.0,0.0,0.0
1655,选民,2.0,0.0,0.0,0.0,0.0,0.0,0.0
1656,华尔街,2.0,0.0,0.0,0.0,0.0,0.0,0.0
1657,共识,2.0,0.0,1.0,0.0,0.0,0.0,0.0
1658,一名,11.0,4.0,3.0,0.0,0.0,0.0,0.0
1659,然后,1.0,0.0,0.0,3.0,0.0,0.0,0.0
1660,适用房,0.0,0.0,0.0,3.0,0.0,0.0,0.0
1661,下,8.0,0.0,0.0,1.0,2.0,0.0,0.0
1662,警察,9.0,1.0,3.0,0.0,0.0,0.0,0.0
1663,万,5.0,2.0,0.0,0.0,0.0,0.0,0.0
1664,试听,0.0,0.0,0.0,20.0,0.0,0.0,0.0
1665,一国两制,0.0,0.0,0.0,0.0,0.0,3.0,0.0
1666,没,1.0,0.0,0.0,2.0,0.0,0.0,0.0
1667,做出,3.0,0.0,0.0,0.0,0.0,0.0,0.0
1668,巴拉克,5.0,0.0,0.0,0.0,0.0,0.0,0.0
1669,冲击,2.0,0.0,0.0,0.0,0.0,0.0,0.0
1670,旅游,4.0,0.0,0.0,0.0,0.0,0.0,0.0
1671,等级,0.0,0.0,0.0,0.0,0.0,2.0,0.0
1672,化,6.0,0.0,0.0,0.0,0.0,0.0,0.0
1673,研发,0.0,2.0,0.0,0.0,0.0,2.0,0.0
1674,告别,0.0,0.0,0.0,0.0,0.0,0.0,2.0
1675,首个,1.0,0.0,0.0,0.0,0.0,2.0,0.0
1676,本周,2.0,0.0,1.0,0.0,0.0,0.0,0.0
1677,领土,9.0,0.0,0.0,0.0,0.0,0.0,0.0
1678,国家,14.0,0.0,8.0,1.0,0.0,0.0,0.0
1679,媒体报道,2.0,0.0,1.0,0.0,0.0,0.0,0.0
1680,创造,1.0,0.0,0.0,0.0,2.0,1.0,0.0
1681,本拉登,2.0,0.0,0.0,0.0,0.0,0.0,0.0
1682,全国代表大会,0.0,0.0,2.0,0.0,0.0,0.0,0.0
1683,限制,2.0,0.0,0.0,0.0,0.0,0.0,0.0
1684,关切,1.0,0.0,3.0,0.0,0.0,0.0,0.0
1685,小强,0.0,0.0,0.0,3.0,0.0,0.0,0.0
1686,半导体,2.0,0.0,0.0,0.0,0.0,0.0,0.0
1687,笔者,3.0,0.0,0.0,0.0,0.0,0.0,0.0
1688,缭乱,0.0,0.0,2.0,0.0,0.0,0.0,0.0
1689,或,6.0,3.0,0.0,0.0,2.0,0.0,0.0
1690,成,4.0,2.0,0.0,0.0,0.0,2.0,1.0
1691,推出,4.0,0.0,0.0,0.0,0.0,1.0,0.0
1692,跌幅,3.0,0.0,0.0,0.0,0.0,0.0,0.0
1693,应对,2.0,1.0,0.0,0.0,0.0,0.0,0.0
1694,狂热,3.0,0.0,0.0,0.0,0.0,0.0,0.0
1695,动车组,0.0,0.0,0.0,0.0,0.0,2.0,0.0
1696,坐地铁,0.0,2.0,0.0,0.0,0.0,0.0,0.0
1697,欧洲,11.0,0.0,1.0,0.0,0.0,0.0,0.0
1698,睡觉,0.0,2.0,0.0,2.0,0.0,0.0,0.0
1699,迈克尔,4.0,1.0,0.0,0.0,0.0,0.0,0.0
1700,米,0.0,0.0,0.0,0.0,0.0,2.0,0.0
1701,案件,2.0,0.0,0.0,0.0,0.0,0.0,0.0
1702,皮尔,2.0,0.0,0.0,0.0,0.0,0.0,0.0
1703,夜不闭户,0.0,2.0,0.0,0.0,0.0,0.0,0.0
1704,楼主,0.0,0.0,0.0,2.0,0.0,0.0,0.0
1705,削减,2.0,0.0,0.0,0.0,0.0,0.0,0.0
1706,中哥,0.0,0.0,4.0,0.0,0.0,0.0,0.0
1707,改变,2.0,0.0,0.0,0.0,5.0,0.0,0.0
1708,迁出,2.0,0.0,0.0,0.0,0.0,0.0,0.0
1709,艾伦,2.0,0.0,0.0,0.0,0.0,0.0,0.0
1710,上课,0.0,0.0,0.0,3.0,0.0,0.0,0.0
1711,叙利亚,1.0,0.0,3.0,0.0,0.0,0.0,0.0
1712,爬,0.0,0.0,0.0,3.0,0.0,0.0,0.0
1713,官员,3.0,0.0,4.0,0.0,0.0,0.0,0.0
1714,观念,2.0,0.0,0.0,0.0,0.0,0.0,0.0
1715,总统,14.0,0.0,8.0,0.0,0.0,0.0,0.0
1716,升温,2.0,0.0,0.0,0.0,0.0,0.0,0.0
1717,销售额,2.0,0.0,0.0,0.0,0.0,0.0,0.0
1718,微博,0.0,0.0,0.0,0.0,15.0,1.0,5.0
1719,赴,0.0,0.0,2.0,0.0,0.0,0.0,0.0
1720,至始,2.0,0.0,0.0,0.0,0.0,0.0,0.0
1721,走,0.0,0.0,0.0,4.0,0.0,0.0,1.0
1722,男,0.0,1.0,0.0,6.0,0.0,0.0,0.0
1723,近日,2.0,3.0,3.0,0.0,0.0,1.0,0.0
1724,满足,1.0,0.0,2.0,0.0,0.0,0.0,0.0
1725,画,0.0,0.0,0.0,3.0,0.0,0.0,0.0
1726,召开,2.0,0.0,2.0,0.0,0.0,0.0,0.0
1727,哈蒙德,2.0,0.0,0.0,0.0,0.0,0.0,0.0
1728,圣战,2.0,0.0,0.0,0.0,0.0,0.0,0.0
1729,可靠性,3.0,0.0,0.0,0.0,0.0,0.0,0.0
1730,技术,3.0,0.0,0.0,3.0,2.0,0.0,0.0
1731,敦促,2.0,0.0,0.0,0.0,0.0,0.0,0.0
1732,美么,0.0,0.0,0.0,3.0,0.0,0.0,0.0
1733,几乎,3.0,0.0,0.0,0.0,0.0,1.0,0.0
1734,私营企业,2.0,0.0,0.0,0.0,0.0,0.0,0.0
1735,数据,12.0,0.0,0.0,0.0,0.0,1.0,0.0
1736,通过,7.0,1.0,0.0,0.0,0.0,5.0,0.0
1737,就业,2.0,0.0,0.0,0.0,0.0,0.0,0.0
1738,雷杰普,4.0,0.0,0.0,0.0,0.0,0.0,0.0
1739,似乎,4.0,1.0,0.0,0.0,0.0,1.0,0.0
1740,而,15.0,0.0,0.0,2.0,1.0,3.0,0.0
1741,考,2.0,0.0,0.0,0.0,0.0,0.0,0.0
1742,一次,7.0,0.0,0.0,0.0,1.0,0.0,1.0
1743,器,0.0,0.0,0.0,40.0,0.0,0.0,0.0
1744,者,2.0,0.0,0.0,0.0,0.0,1.0,0.0
1745,政策,6.0,0.0,0.0,0.0,0.0,1.0,0.0
1746,叫,0.0,0.0,0.0,2.0,0.0,0.0,0.0
1747,菲律宾共和国,2.0,0.0,0.0,0.0,0.0,0.0,0.0
1748,梅,5.0,0.0,1.0,0.0,0.0,0.0,0.0
1749,达到,2.0,0.0,0.0,0.0,0.0,0.0,0.0
1750,看出,0.0,0.0,0.0,3.0,0.0,0.0,0.0
1751,股票,3.0,0.0,0.0,0.0,0.0,0.0,0.0
1752,作战,2.0,0.0,0.0,0.0,0.0,0.0,0.0
1753,寻觅,2.0,0.0,0.0,0.0,0.0,0.0,0.0
1754,造岛,2.0,0.0,0.0,0.0,0.0,0.0,0.0
1755,作用,2.0,0.0,0.0,0.0,0.0,0.0,0.0
1756,就是,6.0,0.0,0.0,5.0,0.0,1.0,0.0
1757,发动,5.0,0.0,1.0,0.0,0.0,0.0,0.0
1758,现在,2.0,0.0,0.0,3.0,0.0,0.0,0.0
1759,林艳,2.0,0.0,0.0,0.0,0.0,0.0,0.0
1760,吴佳柏,2.0,0.0,0.0,0.0,0.0,0.0,0.0
1761,修眉,0.0,0.0,0.0,3.0,0.0,0.0,0.0
1762,保护主义,3.0,0.0,0.0,0.0,0.0,0.0,0.0
1763,很快,0.0,0.0,0.0,2.0,0.0,1.0,0.0
1764,辞职,2.0,1.0,0.0,0.0,0.0,0.0,0.0
1765,同时,5.0,2.0,1.0,0.0,0.0,1.0,2.0
1766,看见,0.0,0.0,0.0,2.0,0.0,0.0,0.0
1767,结果,7.0,0.0,1.0,3.0,0.0,0.0,0.0
1768,组织,4.0,0.0,0.0,0.0,0.0,0.0,0.0
1769,现状,2.0,0.0,0.0,0.0,0.0,0.0,0.0
1770,员工,2.0,0.0,0.0,0.0,0.0,0.0,0.0
1771,网站,7.0,0.0,0.0,0.0,0.0,0.0,0.0
1772,激励,2.0,0.0,0.0,0.0,0.0,0.0,0.0
1773,父爱,0.0,0.0,0.0,2.0,0.0,0.0,0.0
1774,寺园,2.0,0.0,0.0,0.0,0.0,0.0,0.0
1775,发生冲突,0.0,0.0,2.0,0.0,0.0,0.0,0.0
1776,债券,3.0,0.0,0.0,0.0,0.0,0.0,0.0
1777,这样,9.0,0.0,0.0,9.0,0.0,1.0,0.0
1778,读者,14.0,0.0,0.0,0.0,0.0,0.0,1.0
1779,股东,2.0,0.0,0.0,0.0,1.0,0.0,0.0
1780,泰国,0.0,0.0,0.0,0.0,0.0,0.0,2.0
1781,两家,2.0,0.0,0.0,0.0,0.0,0.0,0.0
1782,竟然,2.0,0.0,0.0,0.0,1.0,0.0,0.0
1783,坐,0.0,0.0,0.0,2.0,0.0,0.0,0.0
1784,买,0.0,0.0,0.0,6.0,0.0,0.0,0.0
1785,像是,2.0,0.0,0.0,0.0,0.0,0.0,0.0
1786,比斯,2.0,0.0,0.0,0.0,0.0,0.0,0.0
1787,均,1.0,0.0,2.0,0.0,1.0,0.0,0.0
1788,注射,0.0,2.0,0.0,0.0,0.0,0.0,0.0
1789,进一步,5.0,0.0,4.0,0.0,1.0,0.0,0.0
1790,裁决,23.0,0.0,8.0,0.0,0.0,0.0,0.0
1791,给予,3.0,0.0,0.0,0.0,0.0,0.0,0.0
1792,乌,0.0,0.0,0.0,0.0,0.0,3.0,0.0
1793,啊,0.0,0.0,0.0,16.0,0.0,0.0,0.0
1794,之,7.0,2.0,0.0,0.0,0.0,0.0,0.0
1795,保守党,5.0,0.0,0.0,0.0,0.0,0.0,0.0
1796,有些,3.0,0.0,0.0,0.0,0.0,0.0,0.0
1797,强烈,2.0,0.0,0.0,0.0,0.0,0.0,0.0
1798,目击者,0.0,1.0,2.0,0.0,0.0,0.0,0.0
1799,爱,2.0,0.0,0.0,1.0,0.0,0.0,0.0
1800,尔多,8.0,0.0,3.0,0.0,0.0,0.0,0.0
1801,来自,2.0,0.0,0.0,0.0,4.0,1.0,0.0
1802,也门,0.0,0.0,2.0,0.0,0.0,0.0,0.0
1803,调查,2.0,4.0,0.0,0.0,0.0,4.0,0.0
1804,入门,0.0,0.0,0.0,0.0,2.0,0.0,0.0
1805,盛产,0.0,0.0,0.0,3.0,0.0,0.0,0.0
1806,冲突,0.0,0.0,3.0,0.0,0.0,0.0,0.0
1807,滑翔机,0.0,0.0,0.0,0.0,0.0,4.0,0.0
1808,循环,5.0,0.0,0.0,0.0,0.0,0.0,0.0
1809,新酷,0.0,0.0,0.0,0.0,15.0,0.0,0.0
1810,武官,0.0,0.0,4.0,0.0,0.0,0.0,0.0
1811,都市,1.0,0.0,0.0,12.0,0.0,0.0,0.0
1812,如今,2.0,0.0,0.0,0.0,0.0,0.0,0.0
1813,约翰逊,9.0,0.0,0.0,0.0,0.0,0.0,0.0
1814,广告,5.0,0.0,0.0,0.0,0.0,0.0,0.0
1815,肉丝面,0.0,0.0,0.0,3.0,0.0,0.0,0.0
1816,董事长,1.0,0.0,3.0,0.0,0.0,0.0,0.0
1817,找,1.0,0.0,0.0,4.0,0.0,1.0,0.0
1818,太空,1.0,0.0,0.0,0.0,0.0,2.0,0.0
1819,开发商,4.0,0.0,0.0,0.0,0.0,0.0,0.0
1820,采用,2.0,0.0,0.0,0.0,0.0,0.0,0.0
1821,馋,0.0,0.0,0.0,3.0,0.0,0.0,0.0
1822,会见,1.0,0.0,2.0,0.0,0.0,0.0,0.0
1823,规模,2.0,0.0,0.0,0.0,0.0,0.0,0.0
1824,彻底,2.0,0.0,0.0,0.0,0.0,0.0,0.0
1825,认为,7.0,0.0,1.0,0.0,1.0,2.0,0.0
1826,阶段,2.0,0.0,0.0,0.0,0.0,0.0,0.0
1827,所,12.0,0.0,0.0,0.0,2.0,1.0,0.0
1828,论坛,1.0,0.0,2.0,0.0,0.0,0.0,0.0
1829,英语,0.0,0.0,0.0,0.0,1.0,4.0,0.0
1830,水晶宫,2.0,0.0,0.0,0.0,0.0,0.0,0.0
1831,项目,4.0,0.0,0.0,0.0,0.0,0.0,0.0
1832,版,0.0,0.0,0.0,0.0,2.0,0.0,0.0
1833,了解,2.0,0.0,1.0,3.0,2.0,0.0,0.0
1834,节能,2.0,0.0,0.0,0.0,0.0,0.0,0.0
1835,那,0.0,0.0,1.0,6.0,0.0,1.0,0.0
1836,华侨,0.0,0.0,3.0,0.0,0.0,0.0,0.0
1837,加剧,2.0,0.0,0.0,0.0,0.0,0.0,0.0
1838,往往,3.0,0.0,0.0,0.0,0.0,0.0,0.0
1839,买下,2.0,0.0,0.0,0.0,0.0,0.0,0.0
1840,联合国,2.0,0.0,1.0,0.0,0.0,0.0,0.0
1841,相亲,0.0,0.0,0.0,3.0,0.0,0.0,0.0
1842,并,17.0,1.0,5.0,1.0,0.0,1.0,0.0
1843,之后,14.0,1.0,0.0,0.0,1.0,0.0,0.0
1844,海燕,1.0,0.0,0.0,0.0,0.0,3.0,0.0
1845,领导,4.0,0.0,0.0,1.0,0.0,1.0,0.0
1846,任命,5.0,0.0,0.0,0.0,0.0,0.0,0.0
1847,稳定,0.0,0.0,9.0,0.0,0.0,0.0,0.0
1848,印记,0.0,0.0,0.0,3.0,0.0,0.0,0.0
1849,修改,2.0,0.0,0.0,0.0,0.0,1.0,0.0
1850,发布,3.0,0.0,1.0,0.0,0.0,1.0,0.0
1851,隐形,0.0,0.0,0.0,0.0,2.0,0.0,0.0
1852,死亡,2.0,3.0,4.0,0.0,0.0,0.0,0.0
1853,脸小,0.0,0.0,0.0,3.0,0.0,0.0,0.0
1854,紧张,2.0,0.0,0.0,0.0,0.0,0.0,0.0
1855,潜在,2.0,0.0,0.0,0.0,0.0,0.0,0.0
1856,美国共和党,2.0,0.0,2.0,0.0,0.0,0.0,0.0
1857,兴趣,2.0,0.0,0.0,0.0,0.0,0.0,0.0
1858,桑晓霓,2.0,0.0,0.0,0.0,0.0,0.0,0.0
1859,建中,0.0,0.0,3.0,0.0,0.0,0.0,0.0
1860,失去,2.0,0.0,2.0,0.0,0.0,0.0,0.0
1861,草药,0.0,3.0,0.0,0.0,0.0,0.0,0.0
1862,剪成,0.0,0.0,0.0,3.0,0.0,0.0,0.0
1863,发起,0.0,2.0,0.0,0.0,0.0,0.0,0.0
