,key
0,妈妈
1,土
2,专电
3,东南亚
4,能否
5,金融时报
6,丢掉
7,危机
8,死
9,沙萨尼
10,地
11,剪指甲
12,跟
13,正
14,毕竟
15,历史
16,事
17,城市
18,于
19,商界
20,故事
21,森
22,拘押
23,未曾
24,内容
25,备案
26,约翰
27,综述
28,成钢
29,编者按
30,策略
31,上周
32,视为
33,国债
34,炫富
35,妹纸
36,评价
37,内政部
38,将领
39,是不是
40,收购
41,举措
42,公司
43,周二
44,首席
45,打群架
46,一切
47,泡泡糖
48,不想
49,整个
50,战机
51,彩票
52,建立
53,加大
54,寻求
55,希望
56,感受
57,系列
58,拆分
59,政治
60,环球
61,热潮
62,集团
63,厕所
64,去年
65,中新网
66,仲裁
67,局长
68,沙特
69,清楚
70,罢工
71,加上
72,首饰
73,人类
74,中心
75,精神
76,趋势
77,一直
78,物
79,歪
80,伦家
81,打
82,形象
83,重大
84,奥班
85,枪杀
86,整体
87,觉得
88,所谓
89,问
90,决议
91,间
92,工党
93,产量
94,特许
95,之前
96,赢得
97,指控
98,自身
99,人份
100,一天
101,聚集
102,人们
103,植须
104,变形记
105,伊拉克
106,需求
107,请点
108,亿美元
109,一种
110,刺激
111,带
112,公约
113,帮
114,非农
115,消费
116,万科
117,道
118,心病
119,候选人
120,最
121,高于
122,属于
123,宣言
124,方式
125,该校
126,杭州
127,前景
128,多人
129,财神
130,卡梅伦
131,反腐败
132,这种
133,吉莲
134,来辩
135,慧眼
136,迪米
137,主权
138,撩
139,争端
140,一点
141,企图
142,这次
143,承认
144,图
145,国
146,与其
147,内斯
148,理由
149,申诉
150,因
151,您
152,航空
153,哈哈
154,全国
155,资本
156,机场
157,看起来
158,后会无期
159,喀麦隆
160,国际
161,风有
162,短信
163,躺
164,高
165,民主
166,年度
167,培训
168,大小
169,礼物
170,逾
171,逼
172,阵营
173,被捕
174,交火
175,浅滩
176,丰尼娅
177,哇
178,充满
179,感觉
180,涨
181,组成
182,超过
183,退
184,多少
185,外交
186,已
187,这项
188,作出
189,降落
190,凌晨
191,业务
192,斯卡伯勒
193,卫生
194,情绪
195,胖
196,特么来
197,好
198,她
199,里瓦斯
200,新华社
201,女
202,人员
203,总部
204,韩碧如
205,推进
206,周三
207,斯
208,从
209,这位
210,仍
211,股
212,男童
213,钢铁
214,电影
215,顾问
216,令
217,以
218,体育课
219,拥有
220,们
221,主人
222,连接
223,这么
224,前
225,任
226,然而
227,原文
228,数名
229,区域合作
230,描述
231,新浪
232,公园
233,双边
234,日记
235,原本
236,海域
237,图书馆
238,二代
239,公投
240,可怕
241,亮点
242,泡面
243,抨击
244,思维
245,亿英镑
246,错过
247,开个
248,三十
249,出口
250,埃及
251,常设
252,杰夫
253,妻子
254,家族企业
255,核心
256,成分
257,增长
258,周五
259,顽皮
260,自备
261,杨洁篪
262,通讯
263,相吻合
264,帕克
265,报价
266,各国
267,凸显出
268,全球化
269,条
270,邻近
271,遛狗
272,目标
273,必有
274,夺回
275,安倍晋三
276,股价
277,动力
278,表现
279,股份
280,冠名
281,枪击
282,喵
283,平台
284,制定者
285,准备
286,提起
287,手中
288,啥
289,计较
290,造成
291,坚决
292,幽默
293,姐
294,其中
295,躲
296,遭到
297,买不起
298,表明
299,路透社
300,巡逻
301,经济学家
302,帝国
303,赵吏
304,合作
305,豪华
306,挫败
307,命感
308,警员
309,著名
310,体验
311,两排
312,警告
313,应该
314,诉求
315,脱离
316,哈萨克斯坦
317,真怕
318,上涨
319,深刻
320,起床
321,劳工
322,和尚
323,二十
324,当时
325,伏击
326,萌化
327,地方
328,请勿
329,态度
330,或许
331,事务
332,里
333,巴西
334,精华
335,承诺
336,诱奸
337,原因
338,提高
339,小张
340,铃声
341,派拉蒙
342,全面
343,真的
344,设计
345,拿
346,群架
347,新任
348,有所
349,政坛
350,能
351,女孩
352,负责
353,漫画
354,利
355,悲剧
356,大使
357,为何
358,强调
359,就任
360,分
361,安保
362,案
363,双脸
364,背
365,特里萨
366,刚刚
367,挺
368,持有
369,钾肥
370,自卫权
371,零
372,开罗
373,不利
374,爱德华
375,散步
376,华人
377,发电能力
378,枪手
379,参与
380,按
381,一模一样
382,主要
383,六年
384,持
385,克制
386,宝藏
387,斗篷
388,驻
389,安然无恙
390,传统
391,克洛弗
392,解决
393,反正
394,小学
395,分子
396,鲁治
397,关系
398,远远
399,有限公司
400,火爆
401,飞机
402,邰蒂
403,大幅
404,女子
405,本来
406,大
407,佳佳
408,太
409,筹码
410,刷刷
411,协同
412,真
413,数学
414,观
415,甚至
416,电气
417,发电
418,方法
419,过日子
420,多
421,罗默
422,压力
423,燃煤
424,这场
425,东西
426,地道
427,越南
428,和平
429,介绍
430,伊尔
431,前往
432,不再
433,已经
434,保持
435,干涉
436,实施
437,下跌
438,阅读
439,起来
440,与此同时
441,当天
442,商人
443,发生
444,为了
445,增速
446,意图
447,救灾
448,二战
449,走上
450,那么
451,习近平
452,法律
453,土耳其
454,快点
455,开
456,拉
457,开来
458,地址
459,男子
460,清洗
461,收益率
462,瓜棚
463,菲律宾
464,分析
465,影响
466,零花钱
467,格式
468,特斯拉
469,严重
470,不同
471,股本
472,之一
473,社交
474,最新
475,厦大
476,资源
477,反映
478,转变
479,跌停
480,外媒
481,情人节
482,搞
483,看
484,召唤
485,斥资
486,减少
487,未遂
488,场景
489,回来
490,黛安
491,正在
492,电厂
493,阿拉木图
494,周四
495,东南部
496,傻
497,差别
498,怎样
499,据
500,猫咪
501,一项
502,尼斯
503,浪费资源
504,价格
505,研究生
506,完全
507,只是
508,不服
509,金融信息
510,宏观
511,公斤
512,关于
513,通讯社
514,歌曲
515,接着
516,伊斯坦布尔
517,活
518,大量
519,受到
520,由此
521,至少
522,九段
523,乌龟
524,壳
525,晚间
526,主张
527,遇害
528,外长
529,买家
530,日本
531,船
532,祸害
533,力量
534,上班
535,男人
536,老大爷
537,更加
538,乞丐
539,是否
540,东部
541,这里
542,降低
543,抓小偷
544,溃败
545,填海
546,电信
547,季度
548,取得
549,冰冻
550,背景
551,同意
552,文明
553,万达
554,报复
555,三星电子
556,搭讪
557,再
558,迅速
559,内
560,地区
561,不过
562,屎
563,任天堂
564,钢材
565,博导
566,变得
567,透露
568,闺女
569,转型
570,儿子
571,澳大利亚
572,制裁
573,当地
574,专家
575,昆明
576,回
577,提供
578,对外
579,经济
580,社评
581,联系
582,买断
583,决定
584,康河信
585,成功
586,想
587,推动
588,还要
589,开幕
590,执政
591,集体
592,国务卿
593,来源国
594,智能手机
595,水平
596,范围
597,哥方
598,出
599,时期
600,各方
601,警官
602,研讨会
603,精细
604,不好意思
605,大选
606,因此
607,电脑
608,真正
609,目前
610,开支
611,宪法
612,资金
613,利用
614,生产总值
615,以来
616,业绩
617,很多
618,脸
619,产品
620,微信
621,战略
622,非常
623,军方
624,危险
625,不行
626,丧生
627,敏感
628,后来
629,议会
630,南海
631,加强
632,一片
633,绿色
634,应用
635,尽管
636,站长
637,最后
638,信心
639,出现
640,能耐
641,讲话
642,假如
643,牌子
644,真会
645,西尔
646,指导
647,金币
648,特点
649,货车
650,老公
651,怕
652,比
653,社会
654,竞争
655,北京
656,举行
657,来看
658,三只
659,退伍军人
660,长期
661,狙击手
662,最受
663,美
664,包括
665,细节
666,里面
667,音效
668,大家
669,押注
670,大约
671,显得
672,调查报告
673,媳妇
674,化解
675,之声
676,大宗
677,带来
678,麦当劳
679,显而易见
680,陪
681,书包
682,昨晚
683,软件
684,行业
685,大学生
686,某宝
687,透明
688,他们
689,警民
690,不好惹
691,葬礼
692,简直
693,民众
694,亚洲
695,基金
696,男生
697,笑
698,话题
699,第
700,惊讶
701,年前
702,车
703,感到高兴
704,市场经济
705,最好
706,突破
707,日元
708,今天
709,中外
710,认证
711,澳元
712,前任
713,参加
714,以色列
715,口袋妖怪
716,冯大辉
717,生活
718,对方
719,上市
720,一部分
721,准确
722,打磨
723,总理
724,还是
725,上帝
726,一起
727,担任
728,看到
729,一
730,头痛
731,警报
732,期
733,其
734,共
735,关
736,架飞机
737,代价
738,图片
739,采取
740,此前
741,随后
742,由于
743,纽约
744,这是
745,政界人士
746,最近
747,椅
748,火车站
749,毕业
750,新增
751,插座
752,之际
753,缅甸
754,相对
755,塞尔维亚
756,做梦
757,搬家
758,百度
759,冷笑
760,自主
761,如果
762,较
763,基本
764,哪
765,活动
766,朋友
767,乔治
768,达
769,华为
770,上个月
771,对此
772,放缓
773,近期
774,塑料
775,台湾
776,移民
777,梦想
778,行动
779,综合
780,品牌
781,回应
782,能够
783,下载
784,黑人
785,接电话
786,塔瓦
787,失败
788,参与者
789,人群
790,要价
791,反对
792,股票代码
793,徐才厚
794,奇闻
795,戴维
796,暴跌
797,着
798,贸易
799,该国
800,商品
801,富
802,阿
803,成立
804,家里
805,中融
806,精英
807,奔驰
808,知道
809,一群
810,哈利波
811,撰稿
812,留欧
813,地位
814,一定
815,面对
816,地震
817,姑娘
818,程度
819,达拉斯
820,信用
821,一家
822,位于
823,银行业
824,迸发
825,美元
826,块钱
827,距离
828,人员伤亡
829,钜
830,机会
831,中方
832,链接
833,艘
834,高端
835,发言
836,怪事
837,岁
838,风险
839,最大
840,英美
841,阿瑟
842,中奖
843,老师
844,两个
845,令人
846,一间
847,有何
848,供应
849,提示
850,无
851,升级
852,么
853,戴
854,时
855,工业
856,评级
857,昨天
858,外交官
859,杀死
860,小朋友
861,要闻
862,米强
863,不少
864,首都
865,未来
866,访问
867,在国
868,自
869,纤维
870,电视台
871,举办
872,信号
873,女人
874,安
875,该案
876,一批
877,大楼
878,不仅
879,涌入
880,制造商
881,克什米尔地区
882,此次
883,丑闻
884,充电
885,互联网
886,小城
887,塔伊
888,一些
889,人家
890,近
891,下令
892,汪星
893,进
894,这
895,过
896,性骚扰
897,不会
898,英国首相
899,根据
900,政府
901,增长率
902,知情
903,银行家
904,媒体
905,对话
906,欣泰
907,物料
908,辩论
909,点
910,街头
911,因为
912,深夜
913,能量
914,英国
915,新闻联播
916,巨头
917,交易
918,小鱼儿
919,贸易战
920,客机
921,张炜
922,重要
923,魅力
924,报道
925,引发
926,科学
927,发展
928,哐
929,谴责
930,顾客
931,领袖
932,小时
933,最佳
934,毛毛虫
935,战略伙伴
936,手机
937,警戒
938,进行
939,谈判
940,像
941,举行会谈
942,爱范儿
943,规划
944,声明
945,成人
946,重建
947,不差
948,无法
949,什么
950,正式
951,撞入
952,公告
953,大桥
954,爸爸
955,信用风险
956,目的地
957,建设
958,过去
959,各地
960,瓜
961,高度
962,展望
963,原则
964,坦克
965,测试
966,瞩目
967,出售
968,解除
969,伊斯兰
970,近来
971,全球
972,高考
973,想象
974,展开
975,水
976,决心
977,中央社
978,意外
979,私人
980,竞选
981,匈牙利
982,但是
983,随着
984,分类
985,相关
986,小区
987,金融市场
988,不怎么
989,懂
990,看不见
991,白皮书
992,做好
993,每天
994,再次
995,变化
996,指甲
997,观看
998,驾驶
999,激进
1000,检验
1001,签订
1002,收到
1003,逛街
1004,访
1005,事发
1006,报告
1007,感到
1008,同比
1009,布朗
1010,姿势
1011,居
1012,常态
1013,一看
1014,谁
1015,清风
1016,东盟
1017,依赖
1018,芮
1019,不是
1020,马来西亚
1021,天津大学
1022,绩效
1023,雷军
1024,中文网
1025,提出
1026,醉人
1027,专访
1028,军人
1029,国庆日
1030,从来
1031,法治
1032,嘛
1033,协商
1034,对冲
1035,副
1036,唱
1037,谁造
1038,小爪
1039,居然
1040,文章
1041,西班牙
1042,肃清
1043,周日
1044,事物
1045,鸭梨
1046,唐
1047,中学生
1048,月底
1049,月份
1050,安妮
1051,住手
1052,子公司
1053,儿童
1054,在线
1055,联网
1056,主席
1057,吸引
1058,扩张
1059,市场
1060,段子
1061,于是
1062,呢
1063,如何
1064,明显
1065,时代
1066,动物图片
1067,现实
1068,退出
1069,开台
1070,一份
1071,全文
1072,上海
1073,创业
1074,控制
1075,空域
1076,斯汀
1077,微
1078,开发
1079,表态
1080,各种
1081,水下
1082,唐南
1083,莫斯科
1084,首位
1085,表示
1086,公民
1087,巴顿
1088,房产
1089,投入
1090,相互
1091,由
1092,懵
1093,得
1094,给
1095,教授
1096,亟待
1097,苹果
1098,世纪
1099,难以
1100,标志
1101,德
1102,伦敦
1103,知识
1104,每个
1105,引起
1106,为什么
1107,逮捕
1108,发布公告
1109,查尔斯
1110,当下
1111,华盛顿
1112,命令
1113,如此
1114,就要
1115,法院
1116,意大利
1117,股权
1118,小米
1119,夫妇
1120,豪赌
1121,法律依据
1122,小车
1123,劫匪
1124,象征
1125,呼吁
1126,威尼斯
1127,第二位
1128,设计师
1129,实践
1130,浴缸
1131,作为
1132,夫妻
1133,伊
1134,胜出
1135,最终
1136,尚
1137,增加
1138,尔
1139,拦截
1140,公众
1141,小
1142,静物
1143,妥善处理
1144,吸尘器
1145,英
1146,之间
1147,袖套
1148,若
1149,愤怒
1150,欢迎
1151,约
1152,表情
1153,未遂政变
1154,杂音
1155,得到
1156,线
1157,三分之二
1158,愿
1159,困局
1160,遭遇
1161,星球大战
1162,投稿
1163,备胎
1164,浦江
1165,导演
1166,否定
1167,退欧
1168,哭
1169,研究
1170,爆炸
1171,骑马
1172,特征
1173,渔船
1174,两只
1175,蒂姆
1176,四大
1177,跳槽
1178,预计
1179,缆索
1180,缺乏
1181,戈夫
1182,其他
1183,该
1184,美联储
1185,未能
1186,骚扰
1187,交通
1188,请
1189,安全
1190,发表声明
1191,解释
1192,生产
1193,印象
1194,少数
1195,话
1196,陈晓东
1197,后雨
1198,客户
1199,投资者
1200,越来越
1201,迄今
1202,武装人员
1203,眼神
1204,角力
1205,另
1206,议员
1207,只
1208,有人
1209,可
1210,接连
1211,其实
1212,澳
1213,竞争对手
1214,合同
1215,日前
1216,软银
1217,及
1218,裁决书
1219,又
1220,反
1221,不断
1222,老娘
1223,涉嫌
1224,频繁
1225,自来
1226,特别
1227,这款
1228,改编
1229,学生
1230,一抖
1231,列车
1232,当
1233,羁押
1234,搞笑
1235,上天
1236,结束
1237,几个
1238,警方
1239,还有
1240,惠美子
1241,全年
1242,出席
1243,德国
1244,苏丹
1245,宠物
1246,那样
1247,夏天
1248,席位
1249,陆慷
1250,部分
1251,用来
1252,女町长
1253,耍流氓
1254,没有
1255,喜欢
1256,以及
1257,使
1258,昨日
1259,做
1260,老婆
1261,首相
1262,周永康
1263,影业
1264,疏散
1265,防晒
1266,国企改革
1267,袭警
1268,香港
1269,投资
1270,下降
1271,位
1272,地球
1273,袭击
1274,局势
1275,内务
1276,多数
1277,不错
1278,一位
1279,首次
1280,评论
1281,删除
1282,公平
1283,网络
1284,大度
1285,芯片
1286,代尔
1287,两名
1288,体系
1289,进去
1290,威胁
1291,大臣
1292,用
1293,专栏
1294,非法
1295,法国
1296,郭美美
1297,奥运会
1298,俄罗斯
1299,关注
1300,换个
1301,鲍里斯
1302,愿意
1303,宝石
1304,妈蛋
1305,根本
1306,肖恩
1307,意思
1308,接受
1309,这家
1310,密集
1311,梦到
1312,秘书
1313,几年
1314,亿
1315,显示
1316,餐厅
1317,内裤
1318,办理
1319,老化
1320,海洋法
1321,求助
1322,需
1323,并未
1324,上周五
1325,海牙
1326,触底
1327,期间
1328,怎么样
1329,倒
1330,推向
1331,遗产
1332,原告
1333,照明
1334,存在
1335,发电厂
1336,反击
1337,基辅
1338,教学法
1339,公交
1340,仲裁庭
1341,巴康迪
1342,号码
1343,消费者
1344,猕猴桃
1345,下午
1346,死刑
1347,房地产
1348,嘘
1349,使用
1350,星人
1351,餐饮
1352,曾
1353,说
1354,更
1355,完成
1356,过程
1357,咦
1358,案例
1359,咔
1360,能源
1361,噶哈
1362,立场
1363,嫌疑人
1364,成长
1365,宣布
1366,拍卖
1367,保罗
1368,优质
1369,海外
1370,天天
1371,案后
1372,牙印
1373,官方
1374,攻势
1375,一场
1376,有关
1377,乌克兰
1378,终于
1379,西部
1380,边界
1381,奖励
1382,南中国海
1383,行
1384,职务
1385,当前
1386,团结
1387,袭警案
1388,世界贸易组织
1389,军事政变
1390,私校
1391,经典
1392,中午
1393,人大
1394,神马
1395,哈福德
1396,石油
1397,协议
1398,煤炭
1399,购入
1400,录像
1401,公布
1402,干净
1403,上述
1404,进来
1405,火箭
1406,看法
1407,往
1408,等待
1409,预期
1410,深圳
1411,司法
1412,即将
1413,有钱人
1414,中国政府
1415,过剩
1416,这个
1417,竞赛
1418,邀请
1419,计划
1420,发出
1421,数量
1422,开放
1423,博客
1424,鸟
1425,不造
1426,这一
1427,式
1428,交往
1429,回答
1430,领导人
1431,新加坡
1432,类似
1433,那些
1434,至
1435,境内
1436,国际法院
1437,不久前
1438,发言人
1439,司机
1440,机构
1441,动画
1442,早
1443,离职
1444,年代
1445,百货商场
1446,冈萨雷斯
1447,遵守
1448,管理
1449,工作
1450,可能
1451,央行
1452,次数
1453,人数
1454,埃
1455,正常
1456,抗议
1457,医学
1458,总共
1459,重申
1460,指出
1461,凯特
1462,第二季度
1463,国内
1464,面临
1465,哥斯达黎加
1466,女生
1467,笑话
1468,查看
1469,达成
1470,销售
1471,把
1472,网文
1473,哥中
1474,首例
1475,莱尔
1476,经历
1477,价值
1478,货币
1479,阿根廷
1480,管理层
1481,订阅
1482,获得
1483,几天
1484,退市
1485,正经
1486,共享
1487,内政
1488,统一
1489,女士
1490,观点
1491,求
1492,争议
1493,要求
1494,一碗
1495,服务器
1496,路易斯安那州
1497,邻国
1498,唐宁街
1499,受害者
1500,进入
1501,发明
1502,意味着
1503,好大
1504,事件
1505,共和党
1506,情况
1507,经营权
1508,时候
1509,不要
1510,所有
1511,德洛斯
1512,钱
1513,五环
1514,不及
1515,外交部
1516,日电
1517,英国政府
1518,告诉
1519,人士
1520,今年
1521,附近
1522,针对
1523,抖
1524,梅于
1525,风格
1526,安卡拉
1527,卡
1528,占
1529,导致
1530,却
1531,许多
1532,获
1533,奥巴马
1534,与时俱进
1535,那里
1536,诞下
1537,而是
1538,尤其
1539,中东地区
1540,情商
1541,大片
1542,相似
1543,企业
1544,特
1545,区域
1546,萨
1547,展示
1548,脱欧
1549,发表
1550,游客
1551,月均
1552,核电
1553,中东
1554,称为
1555,加入
1556,剧毒
1557,发行
1558,地图
1559,东京
1560,对于
1561,欧盟
1562,担忧
1563,阿纳多卢
1564,吗
1565,部门
1566,向
1567,后
1568,布鲁塞尔
1569,同
1570,名
1571,讨论
1572,各
1573,吃
1574,意义
1575,建筑
1576,失恋
1577,家
1578,智库
1579,数千名
1580,巴黎
1581,比如
1582,试图
1583,支持
1584,诉
1585,满意
1586,英镑
1587,何在
1588,服务
1589,开始
1590,普
1591,晚上
1592,怀疑
1593,菲利普
1594,持续
1595,罗伯特
1596,信息
1597,唐纳德
1598,近年来
1599,同样
1600,关键
1601,贾
1602,来说
1603,受伤
1604,运动
1605,特朗普
1606,负
1607,产能
1608,妹子
1609,正确
1610,秩序
1611,称
1612,大公
1613,基本上
1614,哥们
1615,怎么
1616,溢价
1617,国有企业
1618,别人
1619,考虑
1620,阿图
1621,搜索
1622,利用率
1623,小样
1624,政变
1625,印控
1626,两起
1627,恢复
1628,潜规则
1629,经理
1630,非
1631,科技
1632,改革
1633,应
1634,会议
1635,记者
1636,至终
1637,这些
1638,不用
1639,抚养费
1640,方面
1641,此外
1642,点击
1643,设备
1644,需要
1645,法
1646,阿拉
1647,教育
1648,半数
1649,拉比亚
1650,举
1651,为
1652,读书
1653,个
1654,中华人民共和国
1655,选民
1656,华尔街
1657,共识
1658,一名
1659,然后
1660,适用房
1661,下
1662,警察
1663,万
1664,试听
1665,一国两制
1666,没
1667,做出
1668,巴拉克
1669,冲击
1670,旅游
1671,等级
1672,化
1673,研发
1674,告别
1675,首个
1676,本周
1677,领土
1678,国家
1679,媒体报道
1680,创造
1681,本拉登
1682,全国代表大会
1683,限制
1684,关切
1685,小强
1686,半导体
1687,笔者
1688,缭乱
1689,或
1690,成
1691,推出
1692,跌幅
1693,应对
1694,狂热
1695,动车组
1696,坐地铁
1697,欧洲
1698,睡觉
1699,迈克尔
1700,米
1701,案件
1702,皮尔
1703,夜不闭户
1704,楼主
1705,削减
1706,中哥
1707,改变
1708,迁出
1709,艾伦
1710,上课
1711,叙利亚
1712,爬
1713,官员
1714,观念
1715,总统
1716,升温
1717,销售额
1718,微博
1719,赴
1720,至始
1721,走
1722,男
1723,近日
1724,满足
1725,画
1726,召开
1727,哈蒙德
1728,圣战
1729,可靠性
1730,技术
1731,敦促
1732,美么
1733,几乎
1734,私营企业
1735,数据
1736,通过
1737,就业
1738,雷杰普
1739,似乎
1740,而
1741,考
1742,一次
1743,器
1744,者
1745,政策
1746,叫
1747,菲律宾共和国
1748,梅
1749,达到
1750,看出
1751,股票
1752,作战
1753,寻觅
1754,造岛
1755,作用
1756,就是
1757,发动
1758,现在
1759,林艳
1760,吴佳柏
1761,修眉
1762,保护主义
1763,很快
1764,辞职
1765,同时
1766,看见
1767,结果
1768,组织
1769,现状
1770,员工
1771,网站
1772,激励
1773,父爱
1774,寺园
1775,发生冲突
1776,债券
1777,这样
1778,读者
1779,股东
1780,泰国
1781,两家
1782,竟然
1783,坐
1784,买
1785,像是
1786,比斯
1787,均
1788,注射
1789,进一步
1790,裁决
1791,给予
1792,乌
1793,啊
1794,之
1795,保守党
1796,有些
1797,强烈
1798,目击者
1799,爱
1800,尔多
1801,来自
1802,也门
1803,调查
1804,入门
1805,盛产
1806,冲突
1807,滑翔机
1808,循环
1809,新酷
1810,武官
1811,都市
1812,如今
1813,约翰逊
1814,广告
1815,肉丝面
1816,董事长
1817,找
1818,太空
1819,开发商
1820,采用
1821,馋
1822,会见
1823,规模
1824,彻底
1825,认为
1826,阶段
1827,所
1828,论坛
1829,英语
1830,水晶宫
1831,项目
1832,版
1833,了解
1834,节能
1835,那
1836,华侨
1837,加剧
1838,往往
1839,买下
1840,联合国
1841,相亲
1842,并
1843,之后
1844,海燕
1845,领导
1846,任命
1847,稳定
1848,印记
1849,修改
1850,发布
1851,隐形
1852,死亡
1853,脸小
1854,紧张
1855,潜在
1856,美国共和党
1857,兴趣
1858,桑晓霓
1859,建中
1860,失去
1861,草药
1862,剪成
1863,发起
